section,index,name,chart_id,t,x,y,z,vx,vy,vz,ax,ay,az,yaw,local_u,local_v,plane_error,boundary_margin,chart_contains,contains
crossing,1,G1,12,1.644093,2.242342,0.130145,1.492473,,,,,,,,-0.179490,-0.086118,0.000000000,0.467502340,True,True
crossing,2,G6,11,3.560561,4.239670,2.483056,2.254202,,,,,,,,-0.590629,0.134200,0.000000000,0.064138422,True,True
crossing,3,G3,0,6.776786,5.715677,-1.810264,1.652235,,,,,,,,0.810177,0.025029,0.000000000,0.043743981,True,True
crossing,4,G2,4,9.485889,8.347680,2.320811,2.319261,,,,,,,,-0.845080,-0.479502,0.000000000,0.099954115,True,True
crossing,5,G5,3,10.975319,10.463458,1.537642,1.330640,,,,,,,,0.404764,0.563051,0.000000000,0.053609778,True,True
crossing,6,G4,0,13.662806,12.047209,-1.599327,3.016249,,,,,,,,0.435791,-0.348227,0.000000000,0.141876138,True,True
sample,0,drone,,0.000000,0.000000,-1.400000,1.200000,0.779266,0.529472,0.100482,1.141139,0.689929,0.103897,0.596800,,,,,,
sample,1,drone,,0.024994,0.019477,-1.386766,1.202511,0.807788,0.546716,0.103079,1.693362,1.024495,0.154527,0.594989,,,,,,
sample,2,drone,,0.049989,0.040380,-1.372670,1.205153,0.863915,0.580685,0.108207,2.208892,1.338265,0.202518,0.591793,,,,,,
sample,3,drone,,0.074983,0.062663,-1.357738,1.207921,0.918208,0.613614,0.113203,2.135507,1.296672,0.197242,0.589114,,,,,,
sample,4,drone,,0.099978,0.086281,-1.341996,1.210812,0.970667,0.645504,0.118067,2.062122,1.255079,0.191966,0.586855,,,,,,
sample,5,drone,,0.124972,0.111186,-1.325470,1.213823,1.021291,0.676354,0.122799,1.988736,1.213485,0.186689,0.584941,,,,,,
sample,6,drone,,0.149967,0.137334,-1.308186,1.216950,1.070082,0.706165,0.127399,1.915351,1.171892,0.181413,0.583315,,,,,,
sample,7,drone,,0.174961,0.164678,-1.290170,1.220191,1.117038,0.734936,0.131867,1.841966,1.130299,0.176137,0.581932,,,,,,
sample,8,drone,,0.199955,0.193173,-1.271448,1.223542,1.162159,0.762667,0.136204,1.768580,1.088706,0.170860,0.580756,,,,,,
sample,9,drone,,0.224950,0.222773,-1.252045,1.227000,1.205447,0.789359,0.140409,1.695195,1.047113,0.165584,0.579761,,,,,,
sample,10,drone,,0.249944,0.253432,-1.231988,1.230561,1.246900,0.815011,0.144481,1.621809,1.005520,0.160308,0.578923,,,,,,
sample,11,drone,,0.274939,0.285104,-1.211304,1.234222,1.286519,0.839624,0.148422,1.548424,0.963927,0.155031,0.578223,,,,,,
sample,12,drone,,0.299933,0.317744,-1.190017,1.237980,1.324304,0.863197,0.152231,1.475039,0.922333,0.149755,0.577648,,,,,,
sample,13,drone,,0.324928,0.351305,-1.168153,1.241832,1.360255,0.885730,0.155908,1.401653,0.880740,0.144479,0.577183,,,,,,
sample,14,drone,,0.349922,0.385741,-1.145740,1.245774,1.394371,0.907224,0.159453,1.328268,0.839147,0.139202,0.576820,,,,,,
sample,15,drone,,0.374916,0.421008,-1.122802,1.249803,1.426653,0.927678,0.162867,1.254883,0.797554,0.133926,0.576549,,,,,,
sample,16,drone,,0.399911,0.457058,-1.099366,1.253916,1.457101,0.947093,0.166148,1.181497,0.755961,0.128650,0.576364,,,,,,
sample,17,drone,,0.424905,0.493847,-1.075458,1.258109,1.485715,0.965468,0.169298,1.108112,0.714368,0.123373,0.576258,,,,,,
sample,18,drone,,0.449900,0.531327,-1.051104,1.262379,1.512495,0.982803,0.172316,1.034727,0.672774,0.118097,0.576227,,,,,,
sample,19,drone,,0.474894,0.569454,-1.026329,1.266722,1.537440,0.999099,0.175201,0.961341,0.631181,0.112821,0.576267,,,,,,
sample,20,drone,,0.499889,0.608182,-1.001160,1.271137,1.560551,1.014355,0.177955,0.887956,0.589588,0.107544,0.576374,,,,,,
sample,21,drone,,0.524883,0.647465,-0.975623,1.275618,1.581828,1.028572,0.180577,0.814571,0.547995,0.102268,0.576546,,,,,,
sample,22,drone,,0.549877,0.687256,-0.949743,1.280164,1.601270,1.041749,0.183068,0.741185,0.506402,0.096992,0.576780,,,,,,
sample,23,drone,,0.574872,0.727510,-0.923547,1.284770,1.618879,1.053886,0.185426,0.667800,0.464809,0.091715,0.577076,,,,,,
sample,24,drone,,0.599866,0.768182,-0.897060,1.289433,1.634653,1.064984,0.187652,0.594414,0.423215,0.086439,0.577432,,,,,,
sample,25,drone,,0.624861,0.809225,-0.870309,1.294150,1.648593,1.075042,0.189747,0.521029,0.381622,0.081162,0.577848,,,,,,
sample,26,drone,,0.649855,0.850593,-0.843320,1.298918,1.660699,1.084061,0.191710,0.447644,0.340029,0.075886,0.578323,,,,,,
sample,27,drone,,0.674850,0.892241,-0.816118,1.303733,1.670970,1.092040,0.193540,0.374258,0.298436,0.070610,0.578857,,,,,,
sample,28,drone,,0.699844,0.934123,-0.788730,1.308593,1.679407,1.098979,0.195239,0.300873,0.256843,0.065333,0.579452,,,,,,
sample,29,drone,,0.724838,0.976193,-0.761182,1.313493,1.686010,1.104879,0.196806,0.227488,0.215250,0.060057,0.580107,,,,,,
sample,30,drone,,0.749833,1.018405,-0.733499,1.318431,1.690779,1.109740,0.198241,0.154102,0.173657,0.054781,0.580825,,,,,,
sample,31,drone,,0.774827,1.060713,-0.705707,1.323403,1.693714,1.113560,0.199545,0.080717,0.132063,0.049504,0.581606,,,,,,
sample,32,drone,,0.799822,1.103071,-0.677833,1.328406,1.694814,1.116341,0.200716,0.007332,0.090470,0.044228,0.582453,,,,,,
sample,33,drone,,0.824816,1.145435,-0.649903,1.333437,1.694080,1.118083,0.201756,-0.066054,0.048877,0.038952,0.583369,,,,,,
sample,34,drone,,0.849811,1.187757,-0.621941,1.338492,1.691512,1.118785,0.202663,-0.139439,0.007284,0.033675,0.584355,,,,,,
sample,35,drone,,0.874805,1.229991,-0.593976,1.343568,1.687110,1.118447,0.203439,-0.212825,-0.034309,0.028399,0.585416,,,,,,
sample,36,drone,,0.899799,1.272093,-0.566032,1.348661,1.680873,1.117069,0.204083,-0.286210,-0.075902,0.023123,0.586554,,,,,,
sample,37,drone,,0.924794,1.314016,-0.538135,1.353769,1.672802,1.114653,0.204595,-0.359595,-0.117496,0.017846,0.587775,,,,,,
sample,38,drone,,0.949788,1.355715,-0.510311,1.358889,1.662897,1.111196,0.204975,-0.432981,-0.159089,0.012570,0.589083,,,,,,
sample,39,drone,,0.974783,1.397143,-0.482587,1.364016,1.651158,1.106700,0.205223,-0.506366,-0.200682,0.007294,0.590484,,,,,,
sample,40,drone,,0.999777,1.438254,-0.454989,1.369148,1.637585,1.101164,0.205340,-0.579751,-0.242275,0.002017,0.591983,,,,,,
sample,41,drone,,1.024771,1.479004,-0.427541,1.374281,1.622177,1.094589,0.205324,-0.653137,-0.283868,-0.003259,0.593588,,,,,,
sample,42,drone,,1.049766,1.519345,-0.400271,1.379412,1.604935,1.086974,0.205177,-0.726522,-0.325461,-0.008535,0.595307,,,,,,
sample,43,drone,,1.074760,1.559232,-0.373205,1.384537,1.585859,1.078319,0.204897,-0.799907,-0.367054,-0.013812,0.597149,,,,,,
sample,44,drone,,1.099755,1.598620,-0.346368,1.389654,1.564949,1.068625,0.204486,-0.873293,-0.408648,-0.019088,0.599123,,,,,,
sample,45,drone,,1.124749,1.637462,-0.319785,1.394759,1.542204,1.057892,0.203943,-0.946678,-0.450241,-0.024364,0.601241,,,,,,
sample,46,drone,,1.149744,1.675713,-0.293485,1.399849,1.517625,1.046118,0.203268,-1.020064,-0.491834,-0.029641,0.603517,,,,,,
sample,47,drone,,1.174738,1.713327,-0.267491,1.404920,1.491212,1.033305,0.202461,-1.093449,-0.533427,-0.034917,0.605965,,,,,,
sample,48,drone,,1.199732,1.750257,-0.241831,1.409970,1.462965,1.019453,0.201523,-1.166834,-0.575020,-0.040193,0.608602,,,,,,
sample,49,drone,,1.224727,1.786459,-0.216530,1.414994,1.432884,1.004561,0.200452,-1.240220,-0.616613,-0.045470,0.611448,,,,,,
sample,50,drone,,1.249721,1.821886,-0.191614,1.419990,1.400968,0.988629,0.199250,-1.313605,-0.658207,-0.050746,0.614525,,,,,,
sample,51,drone,,1.274716,1.856492,-0.167110,1.424954,1.367218,0.971658,0.197915,-1.386990,-0.699800,-0.056023,0.617859,,,,,,
sample,52,drone,,1.299710,1.890231,-0.143042,1.429884,1.331634,0.953647,0.196449,-1.460376,-0.741393,-0.061299,0.621481,,,,,,
sample,53,drone,,1.324705,1.923058,-0.119438,1.434775,1.294216,0.934596,0.194851,-1.533761,-0.782986,-0.066575,0.625427,,,,,,
sample,54,drone,,1.349699,1.954928,-0.096323,1.439624,1.254963,0.914506,0.193121,-1.607146,-0.824579,-0.071852,0.629737,,,,,,
sample,55,drone,,1.374693,1.985793,-0.073723,1.444429,1.213876,0.893377,0.191259,-1.680532,-0.866172,-0.077128,0.634461,,,,,,
sample,56,drone,,1.399688,2.015608,-0.051664,1.449185,1.170955,0.871207,0.189266,-1.753917,-0.907765,-0.082404,0.639659,,,,,,
sample,57,drone,,1.424682,2.044327,-0.030172,1.453890,1.126200,0.847998,0.187140,-1.827302,-0.949359,-0.087681,0.645401,,,,,,
sample,58,drone,,1.449677,2.071905,-0.009273,1.458540,1.079610,0.823750,0.184883,-1.900688,-0.990952,-0.092957,0.651774,,,,,,
sample,59,drone,,1.474671,2.098296,0.011006,1.463132,1.031187,0.798462,0.182493,-1.974073,-1.032545,-0.098233,0.658881,,,,,,
sample,60,drone,,1.499666,2.123453,0.030641,1.467663,0.980929,0.772134,0.179972,-2.047459,-1.074138,-0.103510,0.666854,,,,,,
sample,61,drone,,1.524660,2.147331,0.049604,1.472129,0.928837,0.744767,0.177319,-2.120844,-1.115731,-0.108786,0.675854,,,,,,
sample,62,drone,,1.549654,2.169885,0.067871,1.476527,0.874910,0.716360,0.174534,-2.194229,-1.157324,-0.114062,0.686088,,,,,,
sample,63,drone,,1.574649,2.191067,0.085414,1.480853,0.819150,0.686914,0.171617,-2.267615,-1.198918,-0.119339,0.697820,,,,,,
sample,64,drone,,1.599643,2.210833,0.102209,1.485105,0.761555,0.656428,0.168568,-2.316562,-1.215221,-0.118359,0.711395,,,,,,
sample,65,drone,,1.624638,2.229136,0.118228,1.489280,0.703347,0.626166,0.165701,-1.669847,-0.516197,0.058986,0.727411,,,,,,
sample,66,drone,,1.649632,2.245992,0.133510,1.493389,0.678081,0.630624,0.171517,-0.068015,1.150040,0.472918,0.749151,,,,,,
sample,67,drone,,1.674627,2.263033,0.149753,1.497854,0.699947,0.683655,0.189341,1.154037,2.392749,0.778258,0.773624,,,,,,
sample,68,drone,,1.699621,2.280982,0.167685,1.502854,0.735770,0.750234,0.210421,1.411642,2.621623,0.830838,0.795132,,,,,,
sample,69,drone,,1.724615,2.299813,0.187256,1.508372,0.770514,0.814707,0.230874,1.368471,2.537364,0.805728,0.813269,,,,,,
sample,70,drone,,1.749610,2.319499,0.208412,1.514395,0.804178,0.877074,0.250699,1.325301,2.453106,0.780618,0.828729,,,,,,
sample,71,drone,,1.774604,2.340013,0.231100,1.520905,0.836764,0.937335,0.269896,1.282130,2.368848,0.755509,0.842026,,,,,,
sample,72,drone,,1.799599,2.361328,0.255268,1.527886,0.868271,0.995490,0.288466,1.238960,2.284589,0.730399,0.853552,,,,,,
sample,73,drone,,1.824593,2.383417,0.280863,1.535325,0.898698,1.051539,0.306408,1.195789,2.200331,0.705289,0.863609,,,,,,
sample,74,drone,,1.849588,2.406253,0.307833,1.543203,0.928047,1.105482,0.323722,1.152619,2.116073,0.680179,0.872433,,,,,,
sample,75,drone,,1.874582,2.429809,0.336125,1.551507,0.956316,1.157319,0.340409,1.109448,2.031814,0.655069,0.880211,,,,,,
sample,76,drone,,1.899576,2.454058,0.365686,1.560220,0.983507,1.207050,0.356468,1.066278,1.947556,0.629959,0.887095,,,,,,
sample,77,drone,,1.924571,2.478973,0.396464,1.569327,1.009618,1.254675,0.371900,1.023107,1.863298,0.604849,0.893205,,,,,,
sample,78,drone,,1.949565,2.504528,0.428406,1.578811,1.034651,1.300194,0.386704,0.979937,1.779039,0.579739,0.898642,,,,,,
sample,79,drone,,1.974560,2.530694,0.461459,1.588658,1.058604,1.343607,0.400881,0.936766,1.694781,0.554630,0.903488,,,,,,
sample,80,drone,,1.999554,2.557446,0.495571,1.598851,1.081479,1.384915,0.414429,0.893596,1.610523,0.529520,0.907811,,,,,,
sample,81,drone,,2.024549,2.584756,0.530690,1.609374,1.103274,1.424116,0.427351,0.850425,1.526265,0.504410,0.911669,,,,,,
sample,82,drone,,2.049543,2.612597,0.566761,1.620213,1.123990,1.461211,0.439644,0.807254,1.442006,0.479300,0.915108,,,,,,
sample,83,drone,,2.074537,2.640943,0.603734,1.631352,1.143628,1.496200,0.451310,0.764084,1.357748,0.454190,0.918171,,,,,,
sample,84,drone,,2.099532,2.669766,0.641555,1.642774,1.162186,1.529083,0.462349,0.720913,1.273490,0.429080,0.920892,,,,,,
sample,85,drone,,2.124526,2.699039,0.680171,1.654464,1.179665,1.559860,0.472760,0.677743,1.189231,0.403970,0.923299,,,,,,
sample,86,drone,,2.149521,2.728736,0.719530,1.666407,1.196066,1.588531,0.482543,0.634572,1.104973,0.378860,0.925418,,,,,,
sample,87,drone,,2.174515,2.758829,0.759580,1.678586,1.211387,1.615097,0.491698,0.591402,1.020715,0.353751,0.927270,,,,,,
sample,88,drone,,2.199510,2.789292,0.800267,1.690986,1.225629,1.639556,0.500226,0.548231,0.936456,0.328641,0.928873,,,,,,
sample,89,drone,,2.224504,2.820097,0.841539,1.703591,1.238792,1.661909,0.508127,0.505061,0.852198,0.303531,0.930244,,,,,,
sample,90,drone,,2.249498,2.851218,0.883344,1.716387,1.250876,1.682156,0.515400,0.461890,0.767940,0.278421,0.931394,,,,,,
sample,91,drone,,2.274493,2.882627,0.925628,1.729356,1.261882,1.700297,0.522045,0.418720,0.683681,0.253311,0.932336,,,,,,
sample,92,drone,,2.299487,2.914298,0.968340,1.742483,1.271808,1.716333,0.528062,0.375549,0.599423,0.228201,0.933078,,,,,,
sample,93,drone,,2.324482,2.946203,1.011426,1.755753,1.280655,1.730262,0.533452,0.332379,0.515165,0.203091,0.933628,,,,,,
sample,94,drone,,2.349476,2.978316,1.054834,1.769150,1.288423,1.742085,0.538215,0.289208,0.430907,0.177981,0.933993,,,,,,
sample,95,drone,,2.374471,3.010610,1.098511,1.782658,1.295112,1.751802,0.542349,0.246038,0.346648,0.152872,0.934177,,,,,,
sample,96,drone,,2.399465,3.043058,1.142404,1.796261,1.300722,1.759414,0.545856,0.202867,0.262390,0.127762,0.934183,,,,,,
sample,97,drone,,2.424459,3.075632,1.186462,1.809944,1.305253,1.764919,0.548736,0.159696,0.178132,0.102652,0.934014,,,,,,
sample,98,drone,,2.449454,3.108306,1.230631,1.823692,1.308705,1.768318,0.550988,0.116526,0.093873,0.077542,0.933671,,,,,,
sample,99,drone,,2.474448,3.141052,1.274858,1.837488,1.311078,1.769612,0.552612,0.073355,0.009615,0.052432,0.933155,,,,,,
sample,100,drone,,2.499443,3.173845,1.319091,1.851316,1.312372,1.768799,0.553609,0.030185,-0.074643,0.027322,0.932463,,,,,,
sample,101,drone,,2.524437,3.206656,1.363278,1.865162,1.312587,1.765880,0.553978,-0.012986,-0.158902,0.002212,0.931594,,,,,,
sample,102,drone,,2.549432,3.239460,1.407366,1.879009,1.311723,1.760856,0.553719,-0.056156,-0.243160,-0.022898,0.930545,,,,,,
sample,103,drone,,2.574426,3.272228,1.451301,1.892842,1.309780,1.753725,0.552833,-0.099327,-0.327418,-0.048007,0.929310,,,,,,
sample,104,drone,,2.599420,3.304934,1.495033,1.906644,1.306758,1.744488,0.551320,-0.142497,-0.411677,-0.073117,0.927886,,,,,,
sample,105,drone,,2.624415,3.337551,1.538506,1.920402,1.302657,1.733146,0.549178,-0.185668,-0.495935,-0.098227,0.926263,,,,,,
sample,106,drone,,2.649409,3.370052,1.581670,1.934097,1.297476,1.719697,0.546409,-0.228838,-0.580193,-0.123337,0.924434,,,,,,
sample,107,drone,,2.674404,3.402411,1.624472,1.947716,1.291217,1.704142,0.543013,-0.272009,-0.664451,-0.148447,0.922390,,,,,,
sample,108,drone,,2.699398,3.434599,1.666859,1.961242,1.283879,1.686482,0.538989,-0.315179,-0.748710,-0.173557,0.920117,,,,,,
sample,109,drone,,2.724393,3.466590,1.708777,1.974659,1.275462,1.666715,0.534337,-0.358350,-0.832968,-0.198667,0.917603,,,,,,
sample,110,drone,,2.749387,3.498358,1.750176,1.987953,1.265966,1.644843,0.529058,-0.401520,-0.917226,-0.223777,0.914833,,,,,,
sample,111,drone,,2.774381,3.529874,1.791001,2.001106,1.255390,1.620864,0.523151,-0.444691,-1.001485,-0.248886,0.911787,,,,,,
sample,112,drone,,2.799376,3.561113,1.831201,2.014104,1.243736,1.594780,0.516616,-0.487862,-1.085743,-0.273996,0.908445,,,,,,
sample,113,drone,,2.824370,3.592047,1.870722,2.026931,1.231003,1.566589,0.509454,-0.531032,-1.170001,-0.299106,0.904783,,,,,,
sample,114,drone,,2.849365,3.622650,1.909513,2.039571,1.217190,1.536293,0.501664,-0.574203,-1.254260,-0.324216,0.900774,,,,,,
sample,115,drone,,2.874359,3.652893,1.947520,2.052009,1.202299,1.503890,0.493247,-0.617373,-1.338518,-0.349326,0.896385,,,,,,
sample,116,drone,,2.899353,3.682751,1.984691,2.064228,1.186328,1.469382,0.484202,-0.660544,-1.422776,-0.374436,0.891580,,,,,,
sample,117,drone,,2.924348,3.712196,2.020973,2.076214,1.169279,1.432767,0.474529,-0.703714,-1.507035,-0.399546,0.886316,,,,,,
sample,118,drone,,2.949342,3.741202,2.056313,2.087949,1.151151,1.394047,0.464229,-0.746885,-1.591293,-0.424656,0.880543,,,,,,
sample,119,drone,,2.974337,3.769741,2.090659,2.099420,1.131943,1.353220,0.453301,-0.790055,-1.675551,-0.449766,0.874203,,,,,,
sample,120,drone,,2.999331,3.797787,2.123959,2.110609,1.111657,1.310288,0.441746,-0.833226,-1.759809,-0.474875,0.867228,,,,,,
sample,121,drone,,3.024326,3.825312,2.156159,2.121502,1.090291,1.265249,0.429562,-0.876396,-1.844068,-0.499985,0.859537,,,,,,
sample,122,drone,,3.049320,3.852289,2.187207,2.132083,1.067847,1.218105,0.416752,-0.919567,-1.928326,-0.525095,0.851035,,,,,,
sample,123,drone,,3.074314,3.878692,2.217051,2.142335,1.044323,1.168855,0.403314,-0.962737,-2.012584,-0.550205,0.841607,,,,,,
sample,124,drone,,3.099309,3.904494,2.245637,2.152244,1.019720,1.117498,0.389248,-1.005908,-2.096843,-0.575315,0.831116,,,,,,
sample,125,drone,,3.124303,3.929667,2.272913,2.161793,0.994039,1.064036,0.374554,-1.049078,-2.181101,-0.600425,0.819396,,,,,,
sample,126,drone,,3.149298,3.954184,2.298827,2.170968,0.967278,1.008468,0.359233,-1.092249,-2.265359,-0.625535,0.806243,,,,,,
sample,127,drone,,3.174292,3.978020,2.323325,2.179751,0.939439,0.950793,0.343284,-1.135420,-2.349618,-0.650645,0.791405,,,,,,
sample,128,drone,,3.199287,4.001146,2.346356,2.188128,0.910520,0.891013,0.326708,-1.178590,-2.433876,-0.675754,0.774571,,,,,,
sample,129,drone,,3.224281,4.023536,2.367866,2.196083,0.880522,0.829127,0.309504,-1.221761,-2.518134,-0.700864,0.755345,,,,,,
sample,130,drone,,3.249275,4.045162,2.387803,2.203600,0.849445,0.765134,0.291673,-1.264931,-2.602392,-0.725974,0.733227,,,,,,
sample,131,drone,,3.274270,4.065998,2.406114,2.210663,0.817290,0.699036,0.273214,-1.308102,-2.686651,-0.751084,0.707569,,,,,,
sample,132,drone,,3.299264,4.086018,2.422747,2.217257,0.784055,0.630832,0.254127,-1.351272,-2.770909,-0.776194,0.677525,,,,,,
sample,133,drone,,3.324259,4.105192,2.437649,2.223367,0.749741,0.560521,0.234413,-1.394443,-2.855167,-0.801304,0.641976,,,,,,
sample,134,drone,,3.349253,4.123496,2.450767,2.228975,0.714348,0.488105,0.214071,-1.437613,-2.939426,-0.826414,0.599421,,,,,,
sample,135,drone,,3.374248,4.140902,2.462049,2.234068,0.677877,0.413583,0.193101,-1.480784,-3.023684,-0.851524,0.547824,,,,,,
sample,136,drone,,3.399242,4.157383,2.471442,2.238628,0.640326,0.336955,0.171504,-1.523954,-3.107942,-0.876633,0.484406,,,,,,
sample,137,drone,,3.424236,4.172911,2.478893,2.242641,0.601696,0.258220,0.149279,-1.567125,-3.192201,-0.901743,0.405384,,,,,,
sample,138,drone,,3.449231,4.187461,2.484350,2.246091,0.561987,0.177380,0.126427,-1.610295,-3.276459,-0.926853,0.305734,,,,,,
sample,139,drone,,3.474225,4.201004,2.487760,2.248961,0.521199,0.094434,0.102947,-1.653466,-3.360717,-0.951963,0.179241,,,,,,
sample,140,drone,,3.499220,4.213515,2.489070,2.251237,0.479332,0.009382,0.078839,-1.696636,-3.444976,-0.977073,0.019570,,,,,,
sample,141,drone,,3.524214,4.224965,2.488229,2.252902,0.436386,-0.077776,0.054104,-1.666588,-3.475191,-0.977228,-0.176376,,,,,,
sample,142,drone,,3.549209,4.235329,2.485182,2.253941,0.396021,-0.164339,0.029989,-1.191639,-3.168102,-0.824062,-0.393349,,,,,,
sample,143,drone,,3.574203,4.244762,2.480014,2.254401,0.376817,-0.236146,0.012910,-0.357686,-2.565472,-0.542754,-0.559811,,,,,,
sample,144,drone,,3.599197,4.254166,2.473378,2.254587,0.378141,-0.292584,0.002857,0.102106,-2.203891,-0.382317,-0.658525,,,,,,
sample,145,drone,,3.624192,4.263665,2.465388,2.254544,0.381922,-0.346316,-0.006201,0.150069,-2.132028,-0.359541,-0.736545,,,,,,
sample,146,drone,,3.649186,4.273258,2.456066,2.254277,0.385643,-0.399162,-0.015116,0.147687,-2.096555,-0.353778,-0.802622,,,,,,
sample,147,drone,,3.674181,4.282943,2.445434,2.253788,0.389304,-0.451121,-0.023886,0.145304,-2.061082,-0.348015,-0.858820,,,,,,
sample,148,drone,,3.699175,4.292719,2.433515,2.253083,0.392906,-0.502193,-0.032513,0.142921,-2.025609,-0.342253,-0.906891,,,,,,
sample,149,drone,,3.724170,4.302584,2.420330,2.252163,0.396449,-0.552378,-0.040995,0.140539,-1.990136,-0.336490,-0.948282,,,,,,
sample,150,drone,,3.749164,4.312537,2.405902,2.251033,0.399932,-0.601677,-0.049333,0.138156,-1.954662,-0.330727,-0.984160,,,,,,
sample,151,drone,,3.774158,4.322576,2.390253,2.249697,0.403355,-0.650090,-0.057528,0.135773,-1.919189,-0.324965,-1.015468,,,,,,
sample,152,drone,,3.799153,4.332700,2.373405,2.248158,0.406719,-0.697615,-0.065578,0.133391,-1.883716,-0.319202,-1.042961,,,,,,
sample,153,drone,,3.824147,4.342907,2.355380,2.246419,0.410023,-0.744255,-0.073484,0.131008,-1.848243,-0.313439,-1.067249,,,,,,
sample,154,drone,,3.849142,4.353196,2.336200,2.244484,0.413268,-0.790007,-0.081247,0.128625,-1.812770,-0.307676,-1.088825,,,,,,
sample,155,drone,,3.874136,4.363566,2.315888,2.242357,0.416453,-0.834873,-0.088865,0.126243,-1.777296,-0.301914,-1.108092,,,,,,
sample,156,drone,,3.899131,4.374014,2.294466,2.240042,0.419579,-0.878852,-0.096339,0.123860,-1.741823,-0.296151,-1.125378,,,,,,
sample,157,drone,,3.924125,4.384540,2.271955,2.237542,0.422645,-0.921945,-0.103669,0.121477,-1.706350,-0.290388,-1.140956,,,,,,
sample,158,drone,,3.949119,4.395142,2.248379,2.234860,0.425651,-0.964151,-0.110855,0.119095,-1.670877,-0.284626,-1.155052,,,,,,
sample,159,drone,,3.974114,4.405818,2.223759,2.232000,0.428598,-1.005470,-0.117897,0.116712,-1.635404,-0.278863,-1.167854,,,,,,
sample,160,drone,,3.999108,4.416567,2.198117,2.228966,0.431485,-1.045902,-0.124795,0.114329,-1.599931,-0.273100,-1.179519,,,,,,
sample,161,drone,,4.024103,4.427387,2.171475,2.225762,0.434313,-1.085449,-0.131549,0.111947,-1.564457,-0.267337,-1.190184,,,,,,
sample,162,drone,,4.049097,4.438278,2.143856,2.222390,0.437081,-1.124108,-0.138159,0.109564,-1.528984,-0.261575,-1.199960,,,,,,
sample,163,drone,,4.074092,4.449237,2.115282,2.218855,0.439790,-1.161881,-0.144625,0.107181,-1.493511,-0.255812,-1.208947,,,,,,
sample,164,drone,,4.099086,4.460262,2.085775,2.215161,0.442439,-1.198767,-0.150947,0.104799,-1.458038,-0.250049,-1.217227,,,,,,
sample,165,drone,,4.124080,4.471354,2.055357,2.211310,0.445029,-1.234766,-0.157125,0.102416,-1.422565,-0.244287,-1.224873,,,,,,
sample,166,drone,,4.149075,4.482509,2.024051,2.207306,0.447559,-1.269879,-0.163158,0.100033,-1.387092,-0.238524,-1.231948,,,,,,
sample,167,drone,,4.174069,4.493727,1.991878,2.203154,0.450029,-1.304105,-0.169048,0.097651,-1.351618,-0.232761,-1.238505,,,,,,
sample,168,drone,,4.199064,4.505005,1.958860,2.198856,0.452440,-1.337445,-0.174794,0.095268,-1.316145,-0.226998,-1.244594,,,,,,
sample,169,drone,,4.224058,4.516344,1.925020,2.194416,0.454792,-1.369898,-0.180395,0.092885,-1.280672,-0.221236,-1.250256,,,,,,
sample,170,drone,,4.249053,4.527740,1.890380,2.189838,0.457084,-1.401464,-0.185853,0.090503,-1.245199,-0.215473,-1.255527,,,,,,
sample,171,drone,,4.274047,4.539193,1.854963,2.185125,0.459316,-1.432144,-0.191167,0.088120,-1.209726,-0.209710,-1.260441,,,,,,
sample,172,drone,,4.299041,4.550701,1.818789,2.180282,0.461489,-1.461937,-0.196336,0.085737,-1.174253,-0.203948,-1.265027,,,,,,
sample,173,drone,,4.324036,4.562262,1.781882,2.175311,0.463602,-1.490844,-0.201362,0.083355,-1.138779,-0.198185,-1.269310,,,,,,
sample,174,drone,,4.349030,4.573876,1.744264,2.170216,0.465655,-1.518863,-0.206243,0.080972,-1.103306,-0.192422,-1.273312,,,,,,
sample,175,drone,,4.374025,4.585540,1.705956,2.165001,0.467649,-1.545997,-0.210981,0.078589,-1.067833,-0.186659,-1.277056,,,,,,
sample,176,drone,,4.399019,4.597253,1.666981,2.159669,0.469584,-1.572243,-0.215574,0.076207,-1.032360,-0.180897,-1.280559,,,,,,
sample,177,drone,,4.424014,4.609014,1.627361,2.154224,0.471459,-1.597603,-0.220024,0.073824,-0.996887,-0.175134,-1.283837,,,,,,
sample,178,drone,,4.449008,4.620820,1.587119,2.148670,0.473274,-1.622076,-0.224329,0.071441,-0.961414,-0.169371,-1.286906,,,,,,
sample,179,drone,,4.474002,4.632672,1.546275,2.143010,0.475030,-1.645663,-0.228490,0.069059,-0.925940,-0.163609,-1.289779,,,,,,
sample,180,drone,,4.498997,4.644567,1.504854,2.137248,0.476727,-1.668363,-0.232508,0.066676,-0.890467,-0.157846,-1.292468,,,,,,
sample,181,drone,,4.523991,4.656503,1.462876,2.131388,0.478363,-1.690177,-0.236381,0.064293,-0.854994,-0.152083,-1.294984,,,,,,
sample,182,drone,,4.548986,4.668480,1.420364,2.125432,0.479940,-1.711103,-0.240110,0.061911,-0.819521,-0.146320,-1.297337,,,,,,
sample,183,drone,,4.573980,4.680495,1.377340,2.119385,0.481458,-1.731143,-0.243695,0.059528,-0.784048,-0.140558,-1.299536,,,,,,
sample,184,drone,,4.598975,4.692547,1.333826,2.113250,0.482916,-1.750297,-0.247136,0.057145,-0.748575,-0.134795,-1.301589,,,,,,
sample,185,drone,,4.623969,4.704635,1.289844,2.107031,0.484315,-1.768564,-0.250433,0.054762,-0.713101,-0.129032,-1.303503,,,,,,
sample,186,drone,,4.648963,4.716757,1.245417,2.100731,0.485654,-1.785944,-0.253587,0.052380,-0.677628,-0.123270,-1.305285,,,,,,
sample,187,drone,,4.673958,4.728912,1.200567,2.094354,0.486933,-1.802438,-0.256596,0.049997,-0.642155,-0.117507,-1.306942,,,,,,
sample,188,drone,,4.698952,4.741099,1.155316,2.087904,0.488153,-1.818045,-0.259461,0.047614,-0.606682,-0.111744,-1.308479,,,,,,
sample,189,drone,,4.723947,4.753315,1.109685,2.081384,0.489313,-1.832765,-0.262182,0.045232,-0.571209,-0.105981,-1.309901,,,,,,
sample,190,drone,,4.748941,4.765559,1.063698,2.074798,0.490414,-1.846599,-0.264758,0.042849,-0.535735,-0.100219,-1.311212,,,,,,
sample,191,drone,,4.773935,4.777830,1.017376,2.068149,0.491455,-1.859546,-0.267191,0.040466,-0.500262,-0.094456,-1.312416,,,,,,
sample,192,drone,,4.798930,4.790126,0.970741,2.061441,0.492437,-1.871606,-0.269480,0.038084,-0.464789,-0.088693,-1.313518,,,,,,
sample,193,drone,,4.823924,4.802446,0.923816,2.054678,0.493359,-1.882780,-0.271625,0.035701,-0.429316,-0.082931,-1.314521,,,,,,
sample,194,drone,,4.848919,4.814789,0.876623,2.047863,0.494222,-1.893067,-0.273626,0.033318,-0.393843,-0.077168,-1.315427,,,,,,
sample,195,drone,,4.873913,4.827152,0.829184,2.041000,0.495025,-1.902468,-0.275483,0.030936,-0.358370,-0.071405,-1.316240,,,,,,
sample,196,drone,,4.898908,4.839534,0.781521,2.034092,0.495768,-1.910982,-0.277195,0.028553,-0.322896,-0.065642,-1.316961,,,,,,
sample,197,drone,,4.923902,4.851935,0.733656,2.027143,0.496452,-1.918609,-0.278764,0.026170,-0.287423,-0.059880,-1.317594,,,,,,
sample,198,drone,,4.948896,4.864351,0.685612,2.020157,0.497076,-1.925350,-0.280189,0.023788,-0.251950,-0.054117,-1.318139,,,,,,
sample,199,drone,,4.973891,4.876783,0.637410,2.013137,0.497641,-1.931204,-0.281469,0.021405,-0.216477,-0.048354,-1.318598,,,,,,
sample,200,drone,,4.998885,4.889228,0.589073,2.006087,0.498146,-1.936171,-0.282606,0.019022,-0.181004,-0.042592,-1.318974,,,,,,
sample,201,drone,,5.023880,4.901685,0.540623,1.999010,0.498592,-1.940252,-0.283598,0.016640,-0.145531,-0.036829,-1.319266,,,,,,
sample,202,drone,,5.048874,4.914152,0.492082,1.991910,0.498978,-1.943446,-0.284447,0.014257,-0.110057,-0.031066,-1.319476,,,,,,
sample,203,drone,,5.073869,4.926628,0.443473,1.984791,0.499305,-1.945754,-0.285151,0.011874,-0.074584,-0.025303,-1.319604,,,,,,
sample,204,drone,,5.098863,4.939112,0.394816,1.977656,0.499572,-1.947174,-0.285712,0.009492,-0.039111,-0.019541,-1.319651,,,,,,
sample,205,drone,,5.123857,4.951601,0.346136,1.970508,0.499779,-1.947709,-0.286128,0.007109,-0.003638,-0.013778,-1.319617,,,,,,
sample,206,drone,,5.148852,4.964095,0.297453,1.963352,0.499927,-1.947356,-0.286400,0.004726,0.031835,-0.008015,-1.319502,,,,,,
sample,207,drone,,5.173846,4.976592,0.248790,1.956191,0.500015,-1.946117,-0.286529,0.002344,0.067308,-0.002253,-1.319306,,,,,,
sample,208,drone,,5.198841,4.989090,0.200169,1.949029,0.500044,-1.943992,-0.286513,-0.000039,0.102782,0.003510,-1.319029,,,,,,
sample,209,drone,,5.223835,5.001588,0.151612,1.941869,0.500013,-1.940979,-0.286353,-0.002422,0.138255,0.009273,-1.318669,,,,,,
sample,210,drone,,5.248830,5.014085,0.103141,1.934715,0.499923,-1.937080,-0.286050,-0.004804,0.173728,0.015036,-1.318227,,,,,,
sample,211,drone,,5.273824,5.026579,0.054779,1.927570,0.499773,-1.932295,-0.285602,-0.007187,0.209201,0.020798,-1.317700,,,,,,
sample,212,drone,,5.298818,5.039068,0.006548,1.920438,0.499564,-1.926623,-0.285010,-0.009570,0.244674,0.026561,-1.317089,,,,,,
sample,213,drone,,5.323813,5.051552,-0.041530,1.913322,0.499295,-1.920064,-0.284274,-0.011952,0.280147,0.032324,-1.316390,,,,,,
sample,214,drone,,5.348807,5.064028,-0.089434,1.906227,0.498966,-1.912618,-0.283394,-0.014335,0.315621,0.038086,-1.315603,,,,,,
sample,215,drone,,5.373802,5.076494,-0.137140,1.899156,0.498578,-1.904286,-0.282370,-0.016718,0.351094,0.043849,-1.314725,,,,,,
sample,216,drone,,5.398796,5.088951,-0.184627,1.892112,0.498131,-1.895068,-0.281202,-0.019100,0.386567,0.049612,-1.313755,,,,,,
sample,217,drone,,5.423791,5.101395,-0.231872,1.885099,0.497624,-1.884962,-0.279890,-0.021483,0.422040,0.055375,-1.312688,,,,,,
sample,218,drone,,5.448785,5.113827,-0.278854,1.878120,0.497057,-1.873970,-0.278434,-0.023866,0.457513,0.061137,-1.311524,,,,,,
sample,219,drone,,5.473779,5.126243,-0.325550,1.871180,0.496431,-1.862092,-0.276834,-0.026248,0.492986,0.066900,-1.310258,,,,,,
sample,220,drone,,5.498774,5.138643,-0.371938,1.864282,0.495745,-1.849327,-0.275090,-0.028631,0.528460,0.072663,-1.308886,,,,,,
sample,221,drone,,5.523768,5.151024,-0.417996,1.857429,0.494999,-1.835675,-0.273201,-0.031014,0.563933,0.078425,-1.307406,,,,,,
sample,222,drone,,5.548763,5.163387,-0.463701,1.850625,0.494194,-1.821136,-0.271169,-0.033396,0.599406,0.084188,-1.305812,,,,,,
sample,223,drone,,5.573757,5.175729,-0.509032,1.843873,0.493330,-1.805711,-0.268993,-0.035779,0.634879,0.089951,-1.304099,,,,,,
sample,224,drone,,5.598752,5.188048,-0.553967,1.837178,0.492406,-1.789399,-0.266673,-0.038162,0.670352,0.095714,-1.302263,,,,,,
sample,225,drone,,5.623746,5.200343,-0.598482,1.830543,0.491422,-1.772201,-0.264208,-0.040545,0.705826,0.101476,-1.300298,,,,,,
sample,226,drone,,5.648740,5.212614,-0.642557,1.823971,0.490379,-1.754116,-0.261600,-0.042927,0.741299,0.107239,-1.298197,,,,,,
sample,227,drone,,5.673735,5.224857,-0.686168,1.817466,0.489276,-1.735144,-0.258848,-0.045310,0.776772,0.113002,-1.295952,,,,,,
sample,228,drone,,5.698729,5.237072,-0.729295,1.811031,0.488114,-1.715286,-0.255951,-0.047693,0.812245,0.118764,-1.293558,,,,,,
sample,229,drone,,5.723724,5.249257,-0.771914,1.804671,0.486892,-1.694541,-0.252911,-0.050075,0.847718,0.124527,-1.291004,,,,,,
sample,230,drone,,5.748718,5.261411,-0.814003,1.798388,0.485611,-1.672910,-0.249726,-0.052458,0.883191,0.130290,-1.288281,,,,,,
sample,231,drone,,5.773713,5.273532,-0.855540,1.792187,0.484270,-1.650391,-0.246398,-0.054841,0.918665,0.136053,-1.285380,,,,,,
sample,232,drone,,5.798707,5.285619,-0.896504,1.786071,0.482869,-1.626987,-0.242925,-0.057223,0.954138,0.141815,-1.282289,,,,,,
sample,233,drone,,5.823701,5.297670,-0.936872,1.780044,0.481409,-1.602695,-0.239309,-0.059606,0.989611,0.147578,-1.278996,,,,,,
sample,234,drone,,5.848696,5.309684,-0.976621,1.774109,0.479890,-1.577517,-0.235548,-0.061989,1.025084,0.153341,-1.275486,,,,,,
sample,235,drone,,5.873690,5.321660,-1.015730,1.768269,0.478311,-1.551452,-0.231643,-0.064371,1.060557,0.159103,-1.271744,,,,,,
sample,236,drone,,5.898685,5.333595,-1.054176,1.762529,0.476672,-1.524501,-0.227594,-0.066754,1.096030,0.164866,-1.267753,,,,,,
sample,237,drone,,5.923679,5.345488,-1.091938,1.756892,0.474974,-1.496663,-0.223402,-0.069137,1.131504,0.170629,-1.263494,,,,,,
sample,238,drone,,5.948674,5.357338,-1.128993,1.751361,0.473216,-1.467938,-0.219065,-0.071519,1.166977,0.176392,-1.258947,,,,,,
sample,239,drone,,5.973668,5.369143,-1.165318,1.745941,0.471398,-1.438327,-0.214584,-0.073902,1.202450,0.182154,-1.254087,,,,,,
sample,240,drone,,5.998662,5.380903,-1.200893,1.740635,0.469522,-1.407829,-0.209959,-0.076285,1.237923,0.187917,-1.248889,,,,,,
sample,241,drone,,6.023657,5.392614,-1.235694,1.735445,0.467585,-1.376445,-0.205190,-0.078667,1.273396,0.193680,-1.243322,,,,,,
sample,242,drone,,6.048651,5.404277,-1.269700,1.730377,0.465589,-1.344174,-0.200277,-0.081050,1.308869,0.199442,-1.237354,,,,,,
sample,243,drone,,6.073646,5.415888,-1.302888,1.725434,0.463534,-1.311016,-0.195220,-0.083433,1.344343,0.205205,-1.230946,,,,,,
sample,244,drone,,6.098640,5.427448,-1.335236,1.720619,0.461418,-1.276972,-0.190019,-0.085815,1.379816,0.210968,-1.224057,,,,,,
sample,245,drone,,6.123635,5.438954,-1.366722,1.715935,0.459244,-1.242041,-0.184674,-0.088198,1.415289,0.216731,-1.216637,,,,,,
sample,246,drone,,6.148629,5.450405,-1.397324,1.711387,0.457009,-1.206223,-0.179185,-0.090581,1.450762,0.222493,-1.208631,,,,,,
sample,247,drone,,6.173623,5.461800,-1.427020,1.706978,0.454716,-1.169519,-0.173552,-0.092963,1.486235,0.228256,-1.199977,,,,,,
sample,248,drone,,6.198618,5.473136,-1.455787,1.702711,0.452362,-1.131928,-0.167775,-0.095346,1.521708,0.234019,-1.190601,,,,,,
sample,249,drone,,6.223612,5.484413,-1.483604,1.698591,0.449949,-1.093450,-0.161854,-0.097729,1.557182,0.239781,-1.180420,,,,,,
sample,250,drone,,6.248607,5.495628,-1.510448,1.694620,0.447477,-1.054086,-0.155789,-0.100111,1.592655,0.245544,-1.169335,,,,,,
sample,251,drone,,6.273601,5.506782,-1.536296,1.690803,0.444945,-1.013835,-0.149579,-0.102494,1.628128,0.251307,-1.157234,,,,,,
sample,252,drone,,6.298596,5.517871,-1.561128,1.687143,0.442353,-0.972698,-0.143226,-0.104877,1.663601,0.257070,-1.143983,,,,,,
sample,253,drone,,6.323590,5.528894,-1.584920,1.683643,0.439702,-0.930674,-0.136729,-0.107259,1.699074,0.262832,-1.129426,,,,,,
sample,254,drone,,6.348584,5.539851,-1.607651,1.680308,0.436992,-0.887763,-0.130087,-0.109642,1.734547,0.268595,-1.113377,,,,,,
sample,255,drone,,6.373579,5.550739,-1.629299,1.677140,0.434221,-0.843966,-0.123302,-0.112025,1.770021,0.274358,-1.095615,,,,,,
sample,256,drone,,6.398573,5.561557,-1.649840,1.674144,0.431392,-0.799282,-0.116373,-0.114407,1.805494,0.280120,-1.075877,,,,,,
sample,257,drone,,6.423568,5.572304,-1.669254,1.671323,0.428502,-0.753711,-0.109299,-0.116790,1.840967,0.285883,-1.053843,,,,,,
sample,258,drone,,6.448562,5.582977,-1.687517,1.668681,0.425553,-0.707254,-0.102082,-0.119173,1.876440,0.291646,-1.029129,,,,,,
sample,259,drone,,6.473557,5.593577,-1.704609,1.666220,0.422545,-0.659910,-0.094720,-0.121555,1.911913,0.297409,-1.001265,,,,,,
sample,260,drone,,6.498551,5.604100,-1.720505,1.663946,0.419477,-0.611679,-0.087215,-0.123938,1.947387,0.303171,-0.969678,,,,,,
sample,261,drone,,6.523545,5.614546,-1.735186,1.661860,0.416350,-0.562562,-0.079565,-0.126321,1.982860,0.308934,-0.933665,,,,,,
sample,262,drone,,6.548540,5.624913,-1.748627,1.659968,0.413162,-0.512559,-0.071771,-0.128703,2.018333,0.314697,-0.892360,,,,,,
sample,263,drone,,6.573534,5.635199,-1.760808,1.658273,0.409916,-0.461668,-0.063834,-0.131086,2.053806,0.320459,-0.844706,,,,,,
sample,264,drone,,6.598529,5.645404,-1.771706,1.656777,0.406610,-0.409891,-0.055752,-0.133469,2.089279,0.326222,-0.789417,,,,,,
sample,265,drone,,6.623523,5.655525,-1.781298,1.655486,0.403244,-0.357228,-0.047526,-0.135851,2.124752,0.331985,-0.724962,,,,,,
sample,266,drone,,6.648517,5.665562,-1.789563,1.654402,0.399819,-0.303677,-0.039156,-0.138234,2.160226,0.337748,-0.649577,,,,,,
sample,267,drone,,6.673512,5.675512,-1.796478,1.653528,0.396334,-0.249240,-0.030643,-0.140617,2.195699,0.343510,-0.561374,,,,,,
sample,268,drone,,6.698506,5.685374,-1.802022,1.652870,0.392789,-0.193917,-0.021985,-0.143000,2.231172,0.349273,-0.458588,,,,,,
sample,269,drone,,6.723501,5.695147,-1.806172,1.652429,0.389185,-0.137707,-0.013183,-0.145382,2.266645,0.355036,-0.340085,,,,,,
sample,270,drone,,6.748495,5.704829,-1.808906,1.652211,0.385522,-0.080610,-0.004237,-0.027646,2.368779,0.379203,-0.206123,,,,,,
sample,271,drone,,6.773490,5.714419,-1.810202,1.652218,0.387803,-0.019294,0.005773,0.403660,2.633324,0.449383,-0.049711,,,,,,
sample,272,drone,,6.798484,5.724215,-1.809870,1.652499,0.405700,0.051027,0.018227,0.906876,2.906281,0.525061,0.125118,,,,,,
sample,273,drone,,6.823478,5.734699,-1.807651,1.653129,0.433137,0.125988,0.032020,1.090898,2.973860,0.546883,0.283062,,,,,,
sample,274,drone,,6.848473,5.745867,-1.803573,1.654100,0.460233,0.199687,0.045565,1.074480,2.921799,0.536520,0.409370,,,,,,
sample,275,drone,,6.873467,5.757706,-1.797669,1.655406,0.486849,0.272045,0.058840,1.055276,2.868136,0.525720,0.509565,,,,,,
sample,276,drone,,6.898462,5.770204,-1.789973,1.657041,0.512985,0.343062,0.071846,1.036072,2.814472,0.514921,0.589448,,,,,,
sample,277,drone,,6.923456,5.783349,-1.780520,1.658998,0.538641,0.412737,0.084581,1.016869,2.760808,0.504121,0.653824,,,,,,
sample,278,drone,,6.948451,5.797130,-1.769341,1.661269,0.563817,0.481071,0.097046,0.997665,2.707144,0.493322,0.706372,,,,,,
sample,279,drone,,6.973445,5.811534,-1.756471,1.663849,0.588513,0.548064,0.109241,0.978461,2.653480,0.482522,0.749825,,,,,,
sample,280,drone,,6.998439,5.826549,-1.741944,1.666730,0.612729,0.613716,0.121167,0.959257,2.599816,0.471722,0.786203,,,,,,
sample,281,drone,,7.023434,5.842163,-1.725792,1.669906,0.636465,0.678026,0.132822,0.940053,2.546152,0.460923,0.817005,,,,,,
sample,282,drone,,7.048428,5.858365,-1.708050,1.673370,0.659721,0.740995,0.144208,0.920850,2.492489,0.450123,0.843356,,,,,,
sample,283,drone,,7.073423,5.875142,-1.688751,1.677115,0.682498,0.802623,0.155323,0.901646,2.438825,0.439324,0.866108,,,,,,
sample,284,drone,,7.098417,5.892482,-1.667928,1.681134,0.704794,0.862909,0.166169,0.882442,2.385161,0.428524,0.885916,,,,,,
sample,285,drone,,7.123412,5.910374,-1.645615,1.685422,0.726610,0.921854,0.176745,0.863238,2.331497,0.417724,0.903289,,,,,,
sample,286,drone,,7.148406,5.928805,-1.621846,1.689970,0.747946,0.979458,0.187051,0.844034,2.277833,0.406925,0.918627,,,,,,
sample,287,drone,,7.173400,5.947763,-1.596653,1.694772,0.768802,1.035720,0.197086,0.824831,2.224169,0.396125,0.932250,,,,,,
sample,288,drone,,7.198395,5.967236,-1.570071,1.699822,0.789178,1.090642,0.206852,0.805627,2.170505,0.385326,0.944412,,,,,,
sample,289,drone,,7.223389,5.987213,-1.542133,1.705112,0.809075,1.144221,0.216348,0.786423,2.116842,0.374526,0.955324,,,,,,
sample,290,drone,,7.248384,6.007681,-1.512873,1.710637,0.828491,1.196460,0.225575,0.767219,2.063178,0.363727,0.965154,,,,,,
sample,291,drone,,7.273378,6.028628,-1.482323,1.716388,0.847427,1.247357,0.234531,0.748015,2.009514,0.352927,0.974045,,,,,,
sample,292,drone,,7.298373,6.050043,-1.450519,1.722361,0.865883,1.296913,0.243217,0.728812,1.955850,0.342127,0.982114,,,,,,
sample,293,drone,,7.323367,6.071913,-1.417492,1.728547,0.883859,1.345128,0.251633,0.709608,1.902186,0.331328,0.989459,,,,,,
sample,294,drone,,7.348361,6.094226,-1.383277,1.734940,0.901356,1.392001,0.259780,0.690404,1.848522,0.320528,0.996163,,,,,,
sample,295,drone,,7.373356,6.116971,-1.347908,1.741533,0.918372,1.437534,0.267656,0.671200,1.794858,0.309729,1.002298,,,,,,
sample,296,drone,,7.398350,6.140134,-1.311417,1.748319,0.934908,1.481724,0.275263,0.651997,1.741195,0.298929,1.007923,,,,,,
sample,297,drone,,7.423345,6.163706,-1.273838,1.755293,0.950964,1.524574,0.282599,0.632793,1.687531,0.288130,1.013091,,,,,,
sample,298,drone,,7.448339,6.187672,-1.235205,1.762446,0.966541,1.566082,0.289666,0.613589,1.633867,0.277330,1.017847,,,,,,
sample,299,drone,,7.473334,6.212022,-1.195551,1.769773,0.981637,1.606249,0.296463,0.594385,1.580203,0.266530,1.022229,,,,,,
sample,300,drone,,7.498328,6.236743,-1.154910,1.777266,0.996253,1.645075,0.302989,0.575181,1.526539,0.255731,1.026271,,,,,,
sample,301,drone,,7.523322,6.261823,-1.113316,1.784919,1.010390,1.682559,0.309246,0.555978,1.472875,0.244931,1.030004,,,,,,
sample,302,drone,,7.548317,6.287251,-1.070801,1.792725,1.024046,1.718702,0.315233,0.536774,1.419211,0.234132,1.033452,,,,,,
sample,303,drone,,7.573311,6.313014,-1.027400,1.800677,1.037222,1.753504,0.320950,0.517570,1.365548,0.223332,1.036640,,,,,,
sample,304,drone,,7.598306,6.339101,-0.983146,1.808769,1.049919,1.786964,0.326397,0.498366,1.311884,0.212532,1.039587,,,,,,
sample,305,drone,,7.623300,6.365499,-0.938072,1.816993,1.062135,1.819083,0.331575,0.479162,1.258220,0.201733,1.042310,,,,,,
sample,306,drone,,7.648295,6.392196,-0.892212,1.825344,1.073872,1.849861,0.336482,0.459959,1.204556,0.190933,1.044827,,,,,,
sample,307,drone,,7.673289,6.419180,-0.845599,1.833814,1.085128,1.879298,0.341119,0.440755,1.150892,0.180134,1.047152,,,,,,
sample,308,drone,,7.698283,6.446440,-0.798268,1.842396,1.095904,1.907393,0.345486,0.421551,1.097228,0.169334,1.049296,,,,,,
sample,309,drone,,7.723278,6.473963,-0.750251,1.851084,1.106201,1.934147,0.349584,0.402347,1.043564,0.158535,1.051271,,,,,,
sample,310,drone,,7.748272,6.501738,-0.701582,1.859871,1.116017,1.959559,0.353411,0.383143,0.989901,0.147735,1.053087,,,,,,
sample,311,drone,,7.773267,6.529752,-0.652295,1.868751,1.125354,1.983631,0.356969,0.363940,0.936237,0.136935,1.054753,,,,,,
sample,312,drone,,7.798261,6.557993,-0.602423,1.877716,1.134210,2.006361,0.360257,0.344736,0.882573,0.126136,1.056277,,,,,,
sample,313,drone,,7.823256,6.586449,-0.551999,1.886760,1.142587,2.027750,0.363274,0.325532,0.828909,0.115336,1.057666,,,,,,
sample,314,drone,,7.848250,6.615109,-0.501058,1.895875,1.150483,2.047797,0.366022,0.306328,0.775245,0.104537,1.058927,,,,,,
sample,315,drone,,7.873244,6.643961,-0.449632,1.905057,1.157900,2.066503,0.368500,0.287125,0.721581,0.093737,1.060066,,,,,,
sample,316,drone,,7.898239,6.672992,-0.397756,1.914296,1.164836,2.083868,0.370708,0.267921,0.667917,0.082937,1.061086,,,,,,
sample,317,drone,,7.923233,6.702190,-0.345462,1.923588,1.171293,2.099892,0.372646,0.248717,0.614254,0.072138,1.061994,,,,,,
sample,318,drone,,7.948228,6.731543,-0.292784,1.932924,1.177269,2.114574,0.374314,0.229513,0.560590,0.061338,1.062793,,,,,,
sample,319,drone,,7.973222,6.761040,-0.239757,1.942299,1.182766,2.127915,0.375712,0.210309,0.506926,0.050539,1.063486,,,,,,
sample,320,drone,,7.998217,6.790668,-0.186412,1.951706,1.187782,2.139915,0.376840,0.191106,0.453262,0.039739,1.064076,,,,,,
sample,321,drone,,8.023211,6.820416,-0.132785,1.961137,1.192319,2.150573,0.377699,0.171902,0.399598,0.028940,1.064567,,,,,,
sample,322,drone,,8.048205,6.850271,-0.078908,1.970587,1.196376,2.159890,0.378287,0.152698,0.345934,0.018140,1.064959,,,,,,
sample,323,drone,,8.073200,6.880221,-0.024814,1.980047,1.199952,2.167866,0.378606,0.133494,0.292270,0.007340,1.065256,,,,,,
sample,324,drone,,8.098194,6.910255,0.029461,1.989513,1.203049,2.174500,0.378654,0.114290,0.238607,-0.003459,1.065459,,,,,,
sample,325,drone,,8.123189,6.940360,0.083886,1.998976,1.205665,2.179793,0.378433,0.095087,0.184943,-0.014259,1.065569,,,,,,
sample,326,drone,,8.148183,6.970525,0.138427,2.008430,1.207802,2.183745,0.377941,0.075883,0.131279,-0.025058,1.065586,,,,,,
sample,327,drone,,8.173178,7.000737,0.193049,2.017869,1.209459,2.186356,0.377180,0.056679,0.077615,-0.035858,1.065511,,,,,,
sample,328,drone,,8.198172,7.030984,0.247720,2.027285,1.210635,2.187625,0.376149,0.037475,0.023951,-0.046658,1.065345,,,,,,
sample,329,drone,,8.223166,7.061255,0.302406,2.036672,1.211332,2.187553,0.374848,0.018272,-0.029713,-0.057457,1.065088,,,,,,
sample,330,drone,,8.248161,7.091538,0.357073,2.046023,1.211549,2.186140,0.373277,-0.000932,-0.083377,-0.068257,1.064738,,,,,,
sample,331,drone,,8.273155,7.121819,0.411689,2.055332,1.211286,2.183385,0.371436,-0.020136,-0.137040,-0.079056,1.064295,,,,,,
sample,332,drone,,8.298150,7.152088,0.466218,2.064591,1.210542,2.179289,0.369325,-0.039340,-0.190704,-0.089856,1.063759,,,,,,
sample,333,drone,,8.323144,7.182333,0.520629,2.073794,1.209319,2.173852,0.366944,-0.058544,-0.244368,-0.100655,1.063127,,,,,,
sample,334,drone,,8.348138,7.212541,0.574887,2.082934,1.207616,2.167074,0.364293,-0.077747,-0.298032,-0.111455,1.062399,,,,,,
sample,335,drone,,8.373133,7.242700,0.628958,2.092004,1.205432,2.158954,0.361372,-0.096951,-0.351696,-0.122255,1.061572,,,,,,
sample,336,drone,,8.398127,7.272799,0.682810,2.100998,1.202769,2.149493,0.358182,-0.116155,-0.405360,-0.133054,1.060643,,,,,,
sample,337,drone,,8.423122,7.302825,0.736409,2.109909,1.199626,2.138691,0.354721,-0.135359,-0.459024,-0.143854,1.059611,,,,,,
sample,338,drone,,8.448116,7.332767,0.789721,2.118730,1.196003,2.126547,0.350990,-0.154563,-0.512687,-0.154653,1.058471,,,,,,
sample,339,drone,,8.473111,7.362612,0.842713,2.127455,1.191900,2.113062,0.346990,-0.173766,-0.566351,-0.165453,1.057220,,,,,,
sample,340,drone,,8.498105,7.392349,0.895351,2.136076,1.187316,2.098236,0.342720,-0.192970,-0.620015,-0.176252,1.055855,,,,,,
sample,341,drone,,8.523099,7.421965,0.947601,2.144587,1.182253,2.082068,0.338179,-0.212174,-0.673679,-0.187052,1.054370,,,,,,
sample,342,drone,,8.548094,7.451448,0.999431,2.152981,1.176710,2.064559,0.333369,-0.231378,-0.727343,-0.197852,1.052760,,,,,,
sample,343,drone,,8.573088,7.480787,1.050806,2.161252,1.170687,2.045709,0.328289,-0.250582,-0.781007,-0.208651,1.051020,,,,,,
sample,344,drone,,8.598083,7.509969,1.101693,2.169392,1.164184,2.025518,0.322939,-0.269785,-0.834671,-0.219451,1.049143,,,,,,
sample,345,drone,,8.623077,7.538983,1.152059,2.177395,1.157201,2.003985,0.317319,-0.288989,-0.888334,-0.230250,1.047123,,,,,,
sample,346,drone,,8.648072,7.567816,1.201870,2.185255,1.149738,1.981111,0.311429,-0.308193,-0.941998,-0.241050,1.044951,,,,,,
sample,347,drone,,8.673066,7.596457,1.251093,2.192963,1.141794,1.956895,0.305269,-0.327397,-0.995662,-0.251850,1.042618,,,,,,
sample,348,drone,,8.698060,7.624893,1.299693,2.200515,1.133371,1.931339,0.298839,-0.346600,-1.049326,-0.262649,1.040115,,,,,,
sample,349,drone,,8.723055,7.653113,1.347638,2.207902,1.124468,1.904441,0.292140,-0.365804,-1.102990,-0.273449,1.037432,,,,,,
sample,350,drone,,8.748049,7.681104,1.394894,2.215118,1.115085,1.876201,0.285170,-0.385008,-1.156654,-0.284248,1.034555,,,,,,
sample,351,drone,,8.773044,7.708855,1.441427,2.222157,1.105222,1.846621,0.277930,-0.404212,-1.210318,-0.295048,1.031473,,,,,,
sample,352,drone,,8.798038,7.736353,1.487205,2.229012,1.094879,1.815699,0.270421,-0.423416,-1.263981,-0.305847,1.028169,,,,,,
sample,353,drone,,8.823033,7.763587,1.532192,2.235675,1.084056,1.783436,0.262641,-0.442619,-1.317645,-0.316647,1.024627,,,,,,
sample,354,drone,,8.848027,7.790544,1.576357,2.242141,1.072753,1.749832,0.254592,-0.461823,-1.371309,-0.327447,1.020829,,,,,,
sample,355,drone,,8.873021,7.817212,1.619664,2.248402,1.060970,1.714886,0.246273,-0.481027,-1.424973,-0.338246,1.016753,,,,,,
sample,356,drone,,8.898016,7.843581,1.662082,2.254452,1.048707,1.678599,0.237683,-0.500231,-1.478637,-0.349046,1.012376,,,,,,
sample,357,drone,,8.923010,7.869636,1.703575,2.260283,1.035964,1.640970,0.228824,-0.519435,-1.532301,-0.359845,1.007671,,,,,,
sample,358,drone,,8.948005,7.895367,1.744112,2.265890,1.022741,1.602001,0.219695,-0.538638,-1.585965,-0.370645,1.002608,,,,,,
sample,359,drone,,8.972999,7.920762,1.783658,2.271266,1.009038,1.561690,0.210296,-0.557842,-1.639628,-0.381445,0.997154,,,,,,
sample,360,drone,,8.997994,7.945808,1.822179,2.276403,0.994855,1.520038,0.200627,-0.577046,-1.693292,-0.392244,0.991268,,,,,,
sample,361,drone,,9.022988,7.970493,1.859643,2.281295,0.980192,1.477044,0.190688,-0.596250,-1.746956,-0.403044,0.984908,,,,,,
sample,362,drone,,9.047982,7.994807,1.896015,2.285935,0.965049,1.432709,0.180480,-0.615454,-1.800620,-0.413843,0.978020,,,,,,
sample,363,drone,,9.072977,8.018735,1.931262,2.290317,0.949427,1.387033,0.170001,-0.634657,-1.854284,-0.424643,0.970548,,,,,,
sample,364,drone,,9.097971,8.042267,1.965351,2.294433,0.933324,1.340016,0.159252,-0.653861,-1.907948,-0.435442,0.962422,,,,,,
sample,365,drone,,9.122966,8.065391,1.998248,2.298278,0.916741,1.291657,0.148234,-0.673065,-1.961612,-0.446242,0.953563,,,,,,
sample,366,drone,,9.147960,8.088094,2.029919,2.301843,0.899678,1.241957,0.136945,-0.692269,-2.015275,-0.457042,0.943879,,,,,,
sample,367,drone,,9.172955,8.110365,2.060332,2.305123,0.882135,1.190916,0.125387,-0.711472,-2.068939,-0.467841,0.933261,,,,,,
sample,368,drone,,9.197949,8.132191,2.089452,2.308111,0.864112,1.138533,0.113558,-0.730676,-2.122603,-0.478641,0.921579,,,,,,
sample,369,drone,,9.222943,8.153561,2.117246,2.310800,0.845609,1.084809,0.101460,-0.749880,-2.176267,-0.489440,0.908681,,,,,,
sample,370,drone,,9.247938,8.174462,2.143680,2.313183,0.826627,1.029744,0.089092,-0.769084,-2.229931,-0.500240,0.894381,,,,,,
sample,371,drone,,9.272932,8.194883,2.168722,2.315254,0.807164,0.973338,0.076453,-0.788288,-2.283595,-0.511040,0.878458,,,,,,
sample,372,drone,,9.297927,8.214811,2.192336,2.317005,0.787221,0.915590,0.063545,-0.807491,-2.337259,-0.521839,0.860642,,,,,,
sample,373,drone,,9.322921,8.234235,2.214491,2.318430,0.766798,0.856501,0.050367,-0.826695,-2.390922,-0.532639,0.840601,,,,,,
sample,374,drone,,9.347916,8.253143,2.235152,2.319523,0.745895,0.796070,0.036919,-0.845899,-2.444586,-0.543438,0.817926,,,,,,
sample,375,drone,,9.372910,8.271522,2.254286,2.320276,0.724513,0.734299,0.023201,-0.865103,-2.498250,-0.554238,0.792106,,,,,,
sample,376,drone,,9.397904,8.289360,2.271859,2.320683,0.702650,0.671186,0.009214,-0.884307,-2.551914,-0.565037,0.762500,,,,,,
sample,377,drone,,9.422899,8.306646,2.287837,2.320736,0.680307,0.606731,-0.005044,-0.903510,-2.605578,-0.575837,0.728294,,,,,,
sample,378,drone,,9.447893,8.323368,2.302188,2.320430,0.657484,0.540936,-0.019572,-0.797976,-2.654722,-0.646046,0.688451,,,,,,
sample,379,drone,,9.472888,8.339513,2.314878,2.319758,0.640417,0.474025,-0.037339,0.235597,-2.659010,-1.153031,0.637187,,,,,,
sample,380,drone,,9.497882,8.355382,2.325884,2.318564,0.669262,0.408015,-0.077211,2.070963,-2.593640,-2.022989,0.547484,,,,,,
sample,381,drone,,9.522877,8.372969,2.335274,2.315898,0.743942,0.344372,-0.138466,3.077047,-2.509407,-2.475213,0.433531,,,,,,
sample,382,drone,,9.547871,8.392571,2.343099,2.311642,0.823080,0.282573,-0.200944,3.107661,-2.439597,-2.453105,0.330704,,,,,,
sample,383,drone,,9.572865,8.414114,2.349400,2.305853,0.899291,0.222419,-0.261094,2.990578,-2.373753,-2.360007,0.242462,,,,,,
sample,384,drone,,9.597860,8.437525,2.354218,2.298590,0.972575,0.163911,-0.318918,2.873495,-2.307908,-2.266909,0.166964,,,,,,
sample,385,drone,,9.622854,8.462732,2.357594,2.289911,1.042933,0.107049,-0.374414,2.756412,-2.242063,-2.173812,0.102284,,,,,,
sample,386,drone,,9.647849,8.489660,2.359569,2.279874,1.110365,0.051833,-0.427584,2.639329,-2.176219,-2.080714,0.046647,,,,,,
sample,387,drone,,9.672843,8.518237,2.360185,2.268537,1.174870,-0.001737,-0.478427,2.522246,-2.110374,-1.987616,-0.001479,,,,,,
sample,388,drone,,9.697838,8.548391,2.359482,2.255958,1.236449,-0.053662,-0.526943,2.405163,-2.044529,-1.894518,-0.043373,,,,,,
sample,389,drone,,9.722832,8.580046,2.357502,2.242195,1.295102,-0.103941,-0.573132,2.288080,-1.978685,-1.801420,-0.080085,,,,,,
sample,390,drone,,9.747826,8.613131,2.354286,2.227308,1.350828,-0.152574,-0.616994,2.170996,-1.912840,-1.708322,-0.112472,,,,,,
sample,391,drone,,9.772821,8.647572,2.349875,2.211353,1.403627,-0.199562,-0.658529,2.053913,-1.846995,-1.615224,-0.141229,,,,,,
sample,392,drone,,9.797815,8.683297,2.344310,2.194388,1.453501,-0.244903,-0.697737,1.936830,-1.781150,-1.522126,-0.166924,,,,,,
sample,393,drone,,9.822810,8.720231,2.337633,2.176474,1.500447,-0.288599,-0.734618,1.819747,-1.715306,-1.429028,-0.190021,,,,,,
sample,394,drone,,9.847804,8.758303,2.329884,2.157666,1.544468,-0.330649,-0.769172,1.702664,-1.649461,-1.335930,-0.210903,,,,,,
sample,395,drone,,9.872799,8.797437,2.321104,2.138023,1.585562,-0.371054,-0.801400,1.585581,-1.583616,-1.242832,-0.229884,,,,,,
sample,396,drone,,9.897793,8.837563,2.311335,2.117605,1.623729,-0.409813,-0.831300,1.468498,-1.517772,-1.149734,-0.247227,,,,,,
sample,397,drone,,9.922787,8.878606,2.300618,2.096468,1.658970,-0.446926,-0.858873,1.351415,-1.451927,-1.056636,-0.263152,,,,,,
sample,398,drone,,9.947782,8.920493,2.288994,2.074671,1.691285,-0.482393,-0.884120,1.234332,-1.386082,-0.963538,-0.277845,,,,,,
sample,399,drone,,9.972776,8.963151,2.276504,2.052272,1.720673,-0.516214,-0.907040,1.117249,-1.320238,-0.870440,-0.291463,,,,,,
sample,400,drone,,9.997771,9.006507,2.263189,2.029329,1.747135,-0.548390,-0.927632,1.000165,-1.254393,-0.777342,-0.304141,,,,,,
sample,401,drone,,10.022765,9.050488,2.249090,2.005900,1.770670,-0.578920,-0.945898,0.883082,-1.188548,-0.684244,-0.315994,,,,,,
sample,402,drone,,10.047760,9.095021,2.234249,1.982044,1.791279,-0.607804,-0.961837,0.765999,-1.122703,-0.591146,-0.327122,,,,,,
sample,403,drone,,10.072754,9.140032,2.218707,1.957819,1.808961,-0.635043,-0.975449,0.648916,-1.056859,-0.498048,-0.337613,,,,,,
sample,404,drone,,10.097748,9.185449,2.202504,1.933283,1.823718,-0.660635,-0.986734,0.531833,-0.991014,-0.404950,-0.347543,,,,,,
sample,405,drone,,10.122743,9.231198,2.185682,1.908494,1.835547,-0.684582,-0.995692,0.414750,-0.925169,-0.311852,-0.356979,,,,,,
sample,406,drone,,10.147737,9.277206,2.168283,1.883509,1.844450,-0.706883,-1.002323,0.297667,-0.859325,-0.218754,-0.365983,,,,,,
sample,407,drone,,10.172732,9.323400,2.150346,1.858389,1.850427,-0.727539,-1.006627,0.180584,-0.793480,-0.125657,-0.374608,,,,,,
sample,408,drone,,10.197726,9.369707,2.131914,1.833189,1.853478,-0.746549,-1.008604,0.063501,-0.727635,-0.032559,-0.382903,,,,,,
sample,409,drone,,10.222720,9.416053,2.113027,1.807970,1.853602,-0.763913,-1.008255,-0.053583,-0.661791,0.060539,-0.390914,,,,,,
sample,410,drone,,10.247715,9.462366,2.093727,1.782788,1.850799,-0.779631,-1.005578,-0.170666,-0.595946,0.153637,-0.398682,,,,,,
sample,411,drone,,10.272709,9.508572,2.074054,1.757702,1.845070,-0.793703,-1.000574,-0.287749,-0.530101,0.246735,-0.406246,,,,,,
sample,412,drone,,10.297704,9.554599,2.054050,1.732770,1.836415,-0.806130,-0.993244,-0.404832,-0.464256,0.339833,-0.413643,,,,,,
sample,413,drone,,10.322698,9.600373,2.033757,1.708051,1.824833,-0.816911,-0.983587,-0.521915,-0.398412,0.432931,-0.420909,,,,,,
sample,414,drone,,10.347693,9.645820,2.013214,1.683602,1.810325,-0.826046,-0.971602,-0.638998,-0.332567,0.526029,-0.428078,,,,,,
sample,415,drone,,10.372687,9.690869,1.992464,1.659481,1.792890,-0.833535,-0.957291,-0.756081,-0.266722,0.619127,-0.435185,,,,,,
sample,416,drone,,10.397681,9.735445,1.971546,1.635748,1.772529,-0.839379,-0.940653,-0.873164,-0.200878,0.712225,-0.442264,,,,,,
sample,417,drone,,10.422676,9.779476,1.950504,1.612459,1.749242,-0.843577,-0.921688,-0.990247,-0.135033,0.805323,-0.449349,,,,,,
sample,418,drone,,10.447670,9.822888,1.929377,1.589674,1.723028,-0.846129,-0.900396,-1.107331,-0.069188,0.898421,-0.456479,,,,,,
sample,419,drone,,10.472665,9.865608,1.908207,1.567450,1.693888,-0.847036,-0.876777,-1.224414,-0.003344,0.991519,-0.463691,,,,,,
sample,420,drone,,10.497659,9.907563,1.887035,1.545845,1.661821,-0.846296,-0.850831,-1.341497,0.062501,1.084617,-0.471027,,,,,,
sample,421,drone,,10.522654,9.948680,1.865901,1.524918,1.626828,-0.843911,-0.822558,-1.458580,0.128346,1.177715,-0.478532,,,,,,
sample,422,drone,,10.547648,9.988886,1.844848,1.504726,1.588908,-0.839881,-0.791958,-1.575663,0.194191,1.270813,-0.486257,,,,,,
sample,423,drone,,10.572642,10.028108,1.823917,1.485328,1.548062,-0.834204,-0.759031,-1.692746,0.260035,1.363911,-0.494258,,,,,,
sample,424,drone,,10.597637,10.066272,1.803148,1.466783,1.504290,-0.826882,-0.723778,-1.809829,0.325880,1.457009,-0.502599,,,,,,
sample,425,drone,,10.622631,10.103306,1.782582,1.449148,1.457591,-0.817914,-0.686197,-1.926912,0.391725,1.550107,-0.511356,,,,,,
sample,426,drone,,10.647626,10.139135,1.762261,1.432481,1.407966,-0.807300,-0.646290,-2.043995,0.457569,1.643205,-0.520616,,,,,,
sample,427,drone,,10.672620,10.173688,1.742226,1.416840,1.355414,-0.795040,-0.604055,-2.161078,0.523414,1.736303,-0.530483,,,,,,
sample,428,drone,,10.697615,10.206891,1.722518,1.402285,1.299936,-0.781135,-0.559494,-2.278162,0.589259,1.829401,-0.541083,,,,,,
sample,429,drone,,10.722609,10.238671,1.703178,1.388872,1.241531,-0.765584,-0.512606,-2.395245,0.655103,1.922498,-0.552569,,,,,,
sample,430,drone,,10.747603,10.268954,1.684247,1.376660,1.180200,-0.748387,-0.463390,-2.512328,0.720948,2.015596,-0.565130,,,,,,
sample,431,drone,,10.772598,10.297667,1.665767,1.365708,1.115943,-0.729545,-0.411848,-2.629411,0.786793,2.108694,-0.579005,,,,,,
sample,432,drone,,10.797592,10.324738,1.647778,1.356072,1.048759,-0.709056,-0.357979,-2.746494,0.852638,2.201792,-0.594499,,,,,,
sample,433,drone,,10.822587,10.350094,1.630322,1.347813,0.978649,-0.686922,-0.301783,-2.863577,0.918482,2.294890,-0.612006,,,,,,
sample,434,drone,,10.847581,10.373660,1.613440,1.340987,0.905612,-0.663142,-0.243260,-2.980660,0.984327,2.387988,-0.632050,,,,,,
sample,435,drone,,10.872576,10.395364,1.597172,1.335652,0.829649,-0.637717,-0.182410,-3.097743,1.050172,2.481086,-0.655336,,,,,,
sample,436,drone,,10.897570,10.415133,1.581561,1.331868,0.750759,-0.610645,-0.119234,-3.214826,1.116016,2.574184,-0.682841,,,,,,
sample,437,drone,,10.922564,10.432894,1.566647,1.329692,0.668943,-0.581928,-0.053730,-3.331910,1.181861,2.667282,-0.715946,,,,,,
sample,438,drone,,10.947559,10.448573,1.552471,1.329182,0.584201,-0.551566,0.014101,-3.066679,0.935760,2.593982,-0.756672,,,,,,
sample,439,drone,,10.972553,10.462097,1.539075,1.330397,0.515644,-0.535151,0.075940,-1.823960,-0.098538,2.085263,-0.803960,,,,,,
sample,440,drone,,10.997548,10.474349,1.525719,1.332978,0.493023,-0.556491,0.118341,-0.334494,-1.309059,1.442432,-0.845798,,,,,,
sample,441,drone,,11.022542,10.486743,1.511256,1.336313,0.498923,-0.600589,0.148046,0.239394,-1.750408,1.174562,-0.877601,,,,,,
sample,442,drone,,11.047537,10.499290,1.495697,1.340379,0.504990,-0.643992,0.177056,0.240271,-1.717796,1.149261,-0.905791,,,,,,
sample,443,drone,,11.072531,10.511987,1.479064,1.345163,0.510934,-0.686460,0.205496,0.235287,-1.680369,1.126476,-0.930952,,,,,,
sample,444,drone,,11.097525,10.524831,1.461381,1.350651,0.516752,-0.727992,0.233367,0.230302,-1.642942,1.103691,-0.953502,,,,,,
sample,445,drone,,11.122520,10.537819,1.442672,1.356829,0.522446,-0.768589,0.260668,0.225318,-1.605515,1.080906,-0.973792,,,,,,
sample,446,drone,,11.147514,10.550947,1.422960,1.363682,0.528016,-0.808250,0.287400,0.220334,-1.568088,1.058121,-0.992117,,,,,,
sample,447,drone,,11.172509,10.564214,1.402269,1.371196,0.533460,-0.846976,0.313563,0.215350,-1.530661,1.035337,-1.008723,,,,,,
sample,448,drone,,11.197503,10.577614,1.380621,1.379357,0.538781,-0.884766,0.339155,0.210365,-1.493235,1.012552,-1.023820,,,,,,
sample,449,drone,,11.222498,10.591147,1.358040,1.388150,0.543976,-0.921621,0.364179,0.205381,-1.455808,0.989767,-1.037585,,,,,,
sample,450,drone,,11.247492,10.604807,1.334550,1.397561,0.549047,-0.957540,0.388633,0.200397,-1.418381,0.966982,-1.050170,,,,,,
sample,451,drone,,11.272486,10.618593,1.310174,1.407577,0.553994,-0.992524,0.412517,0.195413,-1.380954,0.944198,-1.061705,,,,,,
sample,452,drone,,11.297481,10.632501,1.284935,1.418183,0.558816,-1.026572,0.435832,0.190428,-1.343527,0.921413,-1.072300,,,,,,
sample,453,drone,,11.322475,10.646527,1.258857,1.429364,0.563513,-1.059685,0.458578,0.185444,-1.306100,0.898628,-1.082054,,,,,,
sample,454,drone,,11.347470,10.660670,1.231963,1.441106,0.568086,-1.091863,0.480754,0.180460,-1.268674,0.875843,-1.091048,,,,,,
sample,455,drone,,11.372464,10.674925,1.204276,1.453396,0.572534,-1.123105,0.502360,0.175476,-1.231247,0.853059,-1.099357,,,,,,
sample,456,drone,,11.397459,10.689290,1.175820,1.466219,0.576858,-1.153411,0.523397,0.170491,-1.193820,0.830274,-1.107043,,,,,,
sample,457,drone,,11.422453,10.703762,1.146618,1.479560,0.581057,-1.182782,0.543864,0.165507,-1.156393,0.807489,-1.114163,,,,,,
sample,458,drone,,11.447447,10.718337,1.116694,1.493406,0.585131,-1.211218,0.563762,0.160523,-1.118966,0.784704,-1.120765,,,,,,
sample,459,drone,,11.472442,10.733012,1.086071,1.507742,0.589081,-1.238718,0.583091,0.155539,-1.081539,0.761919,-1.126894,,,,,,
sample,460,drone,,11.497436,10.747784,1.054772,1.522554,0.592907,-1.265283,0.601850,0.150554,-1.044112,0.739135,-1.132586,,,,,,
sample,461,drone,,11.522431,10.762651,1.022821,1.537828,0.596607,-1.290912,0.620039,0.145570,-1.006686,0.716350,-1.137877,,,,,,
sample,462,drone,,11.547425,10.777608,0.990241,1.553549,0.600183,-1.315606,0.637659,0.140586,-0.969259,0.693565,-1.142796,,,,,,
sample,463,drone,,11.572420,10.792653,0.957055,1.569704,0.603635,-1.339364,0.654710,0.135602,-0.931832,0.670780,-1.147371,,,,,,
sample,464,drone,,11.597414,10.807783,0.923288,1.586277,0.606962,-1.362187,0.671191,0.130617,-0.894405,0.647996,-1.151625,,,,,,
sample,465,drone,,11.622408,10.822994,0.888961,1.603256,0.610164,-1.384075,0.687102,0.125633,-0.856978,0.625211,-1.155581,,,,,,
sample,466,drone,,11.647403,10.838284,0.854099,1.620625,0.613242,-1.405027,0.702445,0.120649,-0.819551,0.602426,-1.159257,,,,,,
sample,467,drone,,11.672397,10.853650,0.818725,1.638370,0.616195,-1.425043,0.717217,0.115665,-0.782124,0.579641,-1.162670,,,,,,
sample,468,drone,,11.697392,10.869087,0.782863,1.656478,0.619024,-1.444124,0.731420,0.110680,-0.744698,0.556857,-1.165838,,,,,,
sample,469,drone,,11.722386,10.884594,0.746535,1.674933,0.621728,-1.462270,0.745054,0.105696,-0.707271,0.534072,-1.168773,,,,,,
sample,470,drone,,11.747381,10.900167,0.709766,1.693722,0.624308,-1.479480,0.758118,0.100712,-0.669844,0.511287,-1.171488,,,,,,
sample,471,drone,,11.772375,10.915802,0.672578,1.712830,0.626763,-1.495754,0.770612,0.095728,-0.632417,0.488502,-1.173995,,,,,,
sample,472,drone,,11.797369,10.931498,0.634995,1.732244,0.629093,-1.511094,0.782537,0.090743,-0.594990,0.465718,-1.176304,,,,,,
sample,473,drone,,11.822364,10.947250,0.597040,1.751949,0.631299,-1.525497,0.793893,0.085759,-0.557563,0.442933,-1.178423,,,,,,
sample,474,drone,,11.847358,10.963056,0.558737,1.771930,0.633380,-1.538966,0.804679,0.080775,-0.520136,0.420148,-1.180362,,,,,,
sample,475,drone,,11.872353,10.978912,0.520109,1.792174,0.635337,-1.551498,0.814896,0.075791,-0.482710,0.397363,-1.182128,,,,,,
sample,476,drone,,11.897347,10.994816,0.481179,1.812666,0.637169,-1.563096,0.824543,0.070806,-0.445283,0.374578,-1.183727,,,,,,
sample,477,drone,,11.922342,11.010763,0.441971,1.833392,0.638876,-1.573757,0.833620,0.065822,-0.407856,0.351794,-1.185166,,,,,,
sample,478,drone,,11.947336,11.026752,0.402509,1.854337,0.640459,-1.583484,0.842129,0.060838,-0.370429,0.329009,-1.186449,,,,,,
sample,479,drone,,11.972330,11.042779,0.362815,1.875489,0.641917,-1.592275,0.850067,0.055854,-0.333002,0.306224,-1.187582,,,,,,
sample,480,drone,,11.997325,11.058841,0.322913,1.896831,0.643251,-1.600130,0.857436,0.050869,-0.295575,0.283439,-1.188568,,,,,,
sample,481,drone,,12.022319,11.074935,0.282826,1.918351,0.644460,-1.607050,0.864236,0.045885,-0.258148,0.260655,-1.189410,,,,,,
sample,482,drone,,12.047314,11.091057,0.242578,1.940033,0.645545,-1.613035,0.870466,0.040901,-0.220722,0.237870,-1.190113,,,,,,
sample,483,drone,,12.072308,11.107205,0.202192,1.961864,0.646505,-1.618084,0.876127,0.035917,-0.183295,0.215085,-1.190678,,,,,,
sample,484,drone,,12.097302,11.123375,0.161692,1.983830,0.647340,-1.622198,0.881218,0.030932,-0.145868,0.192300,-1.191108,,,,,,
sample,485,drone,,12.122297,11.139564,0.121101,2.005916,0.648051,-1.625376,0.885740,0.025948,-0.108441,0.169516,-1.191404,,,,,,
sample,486,drone,,12.147291,11.155770,0.080441,2.028107,0.648637,-1.627618,0.889692,0.020964,-0.071014,0.146731,-1.191567,,,,,,
sample,487,drone,,12.172286,11.171989,0.039738,2.050390,0.649099,-1.628926,0.893075,0.015980,-0.033587,0.123946,-1.191598,,,,,,
sample,488,drone,,12.197280,11.188218,-0.000987,2.072751,0.649436,-1.629297,0.895888,0.010995,0.003840,0.101161,-1.191498,,,,,,
sample,489,drone,,12.222275,11.204454,-0.041709,2.095175,0.649649,-1.628734,0.898132,0.006011,0.041266,0.078376,-1.191267,,,,,,
sample,490,drone,,12.247269,11.220693,-0.082405,2.117647,0.649737,-1.627234,0.899806,0.001027,0.078693,0.055592,-1.190903,,,,,,
sample,491,drone,,12.272263,11.236933,-0.123052,2.140155,0.649700,-1.624800,0.900911,-0.003957,0.116120,0.032807,-1.190407,,,,,,
sample,492,drone,,12.297258,11.253171,-0.163627,2.162683,0.649539,-1.621430,0.901446,-0.008942,0.153547,0.010022,-1.189776,,,,,,
sample,493,drone,,12.322252,11.269403,-0.204106,2.185217,0.649253,-1.617124,0.901412,-0.013926,0.190974,-0.012763,-1.189009,,,,,,
sample,494,drone,,12.347247,11.285626,-0.244465,2.207743,0.648843,-1.611883,0.900808,-0.018910,0.228401,-0.035547,-1.188105,,,,,,
sample,495,drone,,12.372241,11.301838,-0.284682,2.230248,0.648308,-1.605707,0.899635,-0.023895,0.265828,-0.058332,-1.187059,,,,,,
sample,496,drone,,12.397236,11.318035,-0.324733,2.252715,0.647648,-1.598595,0.897892,-0.028879,0.303254,-0.081117,-1.185870,,,,,,
sample,497,drone,,12.422230,11.334213,-0.364594,2.275132,0.646864,-1.590547,0.895580,-0.033863,0.340681,-0.103902,-1.184534,,,,,,
sample,498,drone,,12.447224,11.350371,-0.404242,2.297484,0.645956,-1.581564,0.892698,-0.038847,0.378108,-0.126686,-1.183045,,,,,,
sample,499,drone,,12.472219,11.366504,-0.443655,2.319757,0.644922,-1.571646,0.889247,-0.043832,0.415535,-0.149471,-1.181401,,,,,,
sample,500,drone,,12.497213,11.382609,-0.482807,2.341937,0.643764,-1.560792,0.885226,-0.048816,0.452962,-0.172256,-1.179595,,,,,,
sample,501,drone,,12.522208,11.398685,-0.521677,2.364008,0.642482,-1.549003,0.880636,-0.053800,0.490389,-0.195041,-1.177621,,,,,,
sample,502,drone,,12.547202,11.414726,-0.560240,2.385959,0.641075,-1.536278,0.875476,-0.058784,0.527816,-0.217826,-1.175473,,,,,,
sample,503,drone,,12.572197,11.430731,-0.598474,2.407773,0.639544,-1.522618,0.869747,-0.063769,0.565242,-0.240610,-1.173144,,,,,,
sample,504,drone,,12.597191,11.446696,-0.636354,2.429436,0.637887,-1.508023,0.863448,-0.068753,0.602669,-0.263395,-1.170624,,,,,,
sample,505,drone,,12.622185,11.462619,-0.673858,2.450935,0.636107,-1.492491,0.856580,-0.073737,0.640096,-0.286180,-1.167906,,,,,,
sample,506,drone,,12.647180,11.478495,-0.710962,2.472256,0.634201,-1.476025,0.849143,-0.078721,0.677523,-0.308965,-1.164978,,,,,,
sample,507,drone,,12.672174,11.494322,-0.747643,2.493383,0.632171,-1.458623,0.841135,-0.083706,0.714950,-0.331749,-1.161830,,,,,,
sample,508,drone,,12.697169,11.510096,-0.783877,2.514303,0.630017,-1.440285,0.832559,-0.088690,0.752377,-0.354534,-1.158449,,,,,,
sample,509,drone,,12.722163,11.525815,-0.819641,2.535002,0.627738,-1.421012,0.823413,-0.093674,0.789804,-0.377319,-1.154821,,,,,,
sample,510,drone,,12.747158,11.541476,-0.854912,2.555464,0.625334,-1.400804,0.813697,-0.098658,0.827230,-0.400104,-1.150931,,,,,,
sample,511,drone,,12.772152,11.557075,-0.889665,2.575677,0.622806,-1.379660,0.803412,-0.103643,0.864657,-0.422888,-1.146762,,,,,,
sample,512,drone,,12.797146,11.572609,-0.923879,2.595626,0.620153,-1.357581,0.792557,-0.108627,0.902084,-0.445673,-1.142296,,,,,,
sample,513,drone,,12.822141,11.588076,-0.957529,2.615296,0.617376,-1.334566,0.781133,-0.113611,0.939511,-0.468458,-1.137510,,,,,,
sample,514,drone,,12.847135,11.603471,-0.990593,2.634674,0.614474,-1.310616,0.769140,-0.118595,0.976938,-0.491243,-1.132383,,,,,,
sample,515,drone,,12.872130,11.618793,-1.023046,2.653745,0.611448,-1.285730,0.756577,-0.123580,1.014365,-0.514028,-1.126887,,,,,,
sample,516,drone,,12.897124,11.634037,-1.054865,2.672494,0.608296,-1.259909,0.743444,-0.128564,1.051792,-0.536812,-1.120995,,,,,,
sample,517,drone,,12.922119,11.649201,-1.086027,2.690909,0.605021,-1.233152,0.729742,-0.133548,1.089218,-0.559597,-1.114673,,,,,,
sample,518,drone,,12.947113,11.664281,-1.116509,2.708973,0.601621,-1.205460,0.715470,-0.138532,1.126645,-0.582382,-1.107885,,,,,,
sample,519,drone,,12.972107,11.679275,-1.146286,2.726674,0.598096,-1.176832,0.700629,-0.143517,1.164072,-0.605167,-1.100590,,,,,,
sample,520,drone,,12.997102,11.694179,-1.175337,2.743997,0.594446,-1.147269,0.685219,-0.148501,1.201499,-0.627951,-1.092742,,,,,,
sample,521,drone,,13.022096,11.708991,-1.203637,2.760928,0.590672,-1.116771,0.669239,-0.153485,1.238926,-0.650736,-1.084288,,,,,,
sample,522,drone,,13.047091,11.723706,-1.231163,2.777452,0.586774,-1.085337,0.652689,-0.158469,1.276353,-0.673521,-1.075170,,,,,,
sample,523,drone,,13.072085,11.738323,-1.257892,2.793555,0.582751,-1.052967,0.635570,-0.163454,1.313780,-0.696306,-1.065319,,,,,,
sample,524,drone,,13.097080,11.752837,-1.283800,2.809223,0.578603,-1.019663,0.617882,-0.168438,1.351206,-0.719090,-1.054658,,,,,,
sample,525,drone,,13.122074,11.767247,-1.308864,2.824442,0.574331,-0.985422,0.599624,-0.173422,1.388633,-0.741875,-1.043100,,,,,,
sample,526,drone,,13.147068,11.781548,-1.333060,2.839198,0.569934,-0.950246,0.580796,-0.178406,1.426060,-0.764660,-1.030542,,,,,,
sample,527,drone,,13.172063,11.795737,-1.356365,2.853475,0.565412,-0.914135,0.561399,-0.183391,1.463487,-0.787445,-1.016869,,,,,,
sample,528,drone,,13.197057,11.809812,-1.378757,2.867261,0.560766,-0.877088,0.541433,-0.188375,1.500914,-0.810230,-1.001945,,,,,,
sample,529,drone,,13.222052,11.823769,-1.400210,2.880541,0.555996,-0.839106,0.520897,-0.193359,1.538341,-0.833014,-0.985611,,,,,,
sample,530,drone,,13.247046,11.837605,-1.420703,2.893300,0.551100,-0.800188,0.499791,-0.198343,1.575768,-0.855799,-0.967686,,,,,,
sample,531,drone,,13.272041,11.851318,-1.440211,2.905525,0.546081,-0.760335,0.478116,-0.203328,1.613194,-0.878584,-0.947953,,,,,,
sample,532,drone,,13.297035,11.864903,-1.458711,2.917201,0.540936,-0.719547,0.455872,-0.208312,1.650621,-0.901369,-0.926161,,,,,,
sample,533,drone,,13.322029,11.878359,-1.476180,2.928313,0.535667,-0.677823,0.433058,-0.213296,1.688048,-0.924153,-0.902012,,,,,,
sample,534,drone,,13.347024,11.891681,-1.492594,2.938849,0.530274,-0.635163,0.409675,-0.218280,1.725475,-0.946938,-0.875156,,,,,,
sample,535,drone,,13.372018,11.904867,-1.507931,2.948793,0.524756,-0.591568,0.385722,-0.223265,1.762902,-0.969723,-0.845177,,,,,,
sample,536,drone,,13.397013,11.917913,-1.522166,2.958131,0.519113,-0.547038,0.361199,-0.228249,1.800329,-0.992508,-0.811584,,,,,,
sample,537,drone,,13.422007,11.930816,-1.535277,2.966849,0.513346,-0.501572,0.336107,-0.233233,1.837756,-1.015292,-0.773798,,,,,,
sample,538,drone,,13.447002,11.943574,-1.547239,2.974932,0.507454,-0.455170,0.310446,-0.238217,1.875182,-1.038077,-0.731138,,,,,,
sample,539,drone,,13.471996,11.956183,-1.558030,2.982367,0.501438,-0.407834,0.284215,-0.243202,1.912609,-1.060862,-0.682815,,,,,,
sample,540,drone,,13.496990,11.968641,-1.567626,2.989140,0.495297,-0.359561,0.257415,-0.248186,1.950036,-1.083647,-0.627931,,,,,,
sample,541,drone,,13.521985,11.980943,-1.576004,2.995235,0.489031,-0.310353,0.230045,-0.253170,1.987463,-1.106431,-0.565494,,,,,,
sample,542,drone,,13.546979,11.993087,-1.583141,3.000639,0.482641,-0.260210,0.202105,-0.258154,2.024890,-1.129216,-0.494466,,,,,,
sample,543,drone,,13.571974,12.005069,-1.589012,3.005338,0.476126,-0.209132,0.173597,-0.263139,2.062317,-1.152001,-0.413866,,,,,,
sample,544,drone,,13.596968,12.016888,-1.593595,3.009317,0.469487,-0.157117,0.144518,-0.268123,2.099744,-1.174786,-0.322942,,,,,,
sample,545,drone,,13.621963,12.028539,-1.596866,3.012563,0.462723,-0.104168,0.114870,-0.239415,2.155974,-1.199460,-0.221428,,,,,,
sample,546,drone,,13.646957,12.040019,-1.598802,3.015060,0.457519,-0.049343,0.084559,0.188789,2.428292,-1.242737,-0.107433,,,,,,
sample,547,drone,,13.671951,12.051409,-1.599333,3.016790,0.472160,0.017220,0.052747,1.042296,2.910497,-1.294648,0.036454,,,,,,
sample,548,drone,,13.696946,12.063622,-1.597941,3.017696,0.509622,0.096150,0.019841,1.580912,3.181137,-1.309047,0.186477,,,,,,
sample,549,drone,,13.721940,12.076885,-1.594526,3.017781,0.551188,0.176241,-0.012690,1.643354,3.169329,-1.287487,0.309474,,,,,,
sample,550,drone,,13.746935,12.091175,-1.589131,3.017062,0.591772,0.254581,-0.044519,1.604014,3.099237,-1.259397,0.406268,,,,,,
sample,551,drone,,13.771929,12.106467,-1.581800,3.015556,0.631371,0.331169,-0.075646,1.564674,3.029146,-1.231307,0.483073,,,,,,
sample,552,drone,,13.796924,12.122736,-1.572576,3.013281,0.669988,0.406004,-0.106071,1.525333,2.959054,-1.203217,0.544811,,,,,,
sample,553,drone,,13.821918,12.139959,-1.561504,3.010254,0.707621,0.479088,-0.135794,1.485993,2.888962,-1.175128,0.595150,,,,,,
sample,554,drone,,13.846912,12.158109,-1.548627,3.006492,0.744271,0.550420,-0.164814,1.446653,2.818870,-1.147038,0.636775,,,,,,
sample,555,drone,,13.871907,12.177164,-1.533989,3.002015,0.779938,0.620000,-0.193133,1.407313,2.748778,-1.118948,0.671645,,,,,,
sample,556,drone,,13.896901,12.197098,-1.517634,2.996838,0.814621,0.687829,-0.220749,1.367973,2.678687,-1.090858,0.701207,,,,,,
sample,557,drone,,13.921896,12.217886,-1.499606,2.990980,0.848321,0.753905,-0.247664,1.328633,2.608595,-1.062768,0.726538,,,,,,
sample,558,drone,,13.946890,12.239504,-1.479947,2.984457,0.881038,0.818229,-0.273876,1.289292,2.538503,-1.034679,0.748453,,,,,,
sample,559,drone,,13.971884,12.261928,-1.458703,2.977289,0.912771,0.880802,-0.299386,1.249952,2.468411,-1.006589,0.767576,,,,,,
sample,560,drone,,13.996879,12.285133,-1.435917,2.969492,0.943521,0.941622,-0.324194,1.210612,2.398319,-0.978499,0.784391,,,,,,
sample,561,drone,,14.021873,12.309094,-1.411633,2.961083,0.973288,1.000691,-0.348300,1.171272,2.328227,-0.950409,0.799279,,,,,,
sample,562,drone,,14.046868,12.333786,-1.385894,2.952080,1.002072,1.058008,-0.371704,1.131932,2.258136,-0.922320,0.812544,,,,,,
sample,563,drone,,14.071862,12.359186,-1.358744,2.942502,1.029872,1.113573,-0.394406,1.092591,2.188044,-0.894230,0.824428,,,,,,
sample,564,drone,,14.096857,12.385268,-1.330227,2.932365,1.056689,1.167385,-0.416405,1.053251,2.117952,-0.866140,0.835129,,,,,,
sample,565,drone,,14.121851,12.412009,-1.300388,2.921686,1.082523,1.219446,-0.437703,1.013911,2.047860,-0.838050,0.844809,,,,,,
sample,566,drone,,14.146845,12.439382,-1.269269,2.910484,1.107374,1.269756,-0.458299,0.974571,1.977768,-0.809961,0.853602,,,,,,
sample,567,drone,,14.171840,12.467365,-1.236914,2.898776,1.131241,1.318313,-0.478192,0.935231,1.907677,-0.781871,0.861620,,,,,,
sample,568,drone,,14.196834,12.495932,-1.203368,2.886580,1.154125,1.365118,-0.497383,0.895891,1.837585,-0.753781,0.868956,,,,,,
sample,569,drone,,14.221829,12.525058,-1.168673,2.873913,1.176025,1.410172,-0.515873,0.856550,1.767493,-0.725691,0.875689,,,,,,
sample,570,drone,,14.246823,12.554720,-1.132875,2.860792,1.196943,1.453473,-0.533660,0.817210,1.697401,-0.697601,0.881886,,,,,,
sample,571,drone,,14.271818,12.584892,-1.096016,2.847236,1.216877,1.495023,-0.550745,0.777870,1.627309,-0.669512,0.887606,,,,,,
sample,572,drone,,14.296812,12.615550,-1.058140,2.833261,1.235827,1.534820,-0.567128,0.738530,1.557217,-0.641422,0.892897,,,,,,
sample,573,drone,,14.321806,12.646670,-1.019292,2.818886,1.253795,1.572866,-0.582809,0.699190,1.487126,-0.613332,0.897802,,,,,,
sample,574,drone,,14.346801,12.678226,-0.979515,2.804127,1.270779,1.609160,-0.597788,0.659849,1.417034,-0.585242,0.902358,,,,,,
sample,575,drone,,14.371795,12.710195,-0.938852,2.789003,1.286780,1.643702,-0.612065,0.620509,1.346942,-0.557153,0.906598,,,,,,
sample,576,drone,,14.396790,12.742551,-0.897348,2.773531,1.301798,1.676492,-0.625639,0.581169,1.276850,-0.529063,0.910549,,,,,,
sample,577,drone,,14.421784,12.775270,-0.855046,2.757728,1.315832,1.707530,-0.638512,0.541829,1.206758,-0.500973,0.914238,,,,,,
sample,578,drone,,14.446779,12.808328,-0.811990,2.741612,1.328883,1.736817,-0.650682,0.502489,1.136667,-0.472883,0.917685,,,,,,
sample,579,drone,,14.471773,12.841699,-0.768225,2.725201,1.340951,1.764351,-0.662151,0.463148,1.066575,-0.444794,0.920910,,,,,,
sample,580,drone,,14.496767,12.875360,-0.723793,2.708512,1.352035,1.790134,-0.672917,0.423808,0.996483,-0.416704,0.923931,,,,,,
sample,581,drone,,14.521762,12.909286,-0.678738,2.691563,1.362137,1.814164,-0.682981,0.384468,0.926391,-0.388614,0.926762,,,,,,
sample,582,drone,,14.546756,12.943452,-0.633105,2.674371,1.371254,1.836443,-0.692343,0.345128,0.856299,-0.360524,0.929417,,,,,,
sample,583,drone,,14.571751,12.977833,-0.586936,2.656953,1.379389,1.856970,-0.701003,0.305788,0.786207,-0.332435,0.931908,,,,,,
sample,584,drone,,14.596745,13.012406,-0.540277,2.639328,1.386540,1.875744,-0.708961,0.266448,0.716116,-0.304345,0.934247,,,,,,
sample,585,drone,,14.621740,13.047145,-0.493170,2.621513,1.392708,1.892767,-0.716217,0.227107,0.646024,-0.276255,0.936442,,,,,,
sample,586,drone,,14.646734,13.082026,-0.445659,2.603525,1.397893,1.908038,-0.722771,0.187767,0.575932,-0.248165,0.938503,,,,,,
sample,587,drone,,14.671728,13.117024,-0.397789,2.585383,1.402095,1.921558,-0.728623,0.148427,0.505840,-0.220075,0.940437,,,,,,
sample,588,drone,,14.696723,13.152115,-0.349603,2.567102,1.405313,1.933325,-0.733772,0.109087,0.435748,-0.191986,0.942251,,,,,,
sample,589,drone,,14.721717,13.187274,-0.301145,2.548702,1.407548,1.943340,-0.738220,0.069747,0.365657,-0.163896,0.943952,,,,,,
sample,590,drone,,14.746712,13.222477,-0.252458,2.530200,1.408800,1.951604,-0.741965,0.030406,0.295565,-0.135806,0.945544,,,,,,
sample,591,drone,,14.771706,13.257698,-0.203586,2.511612,1.409068,1.958115,-0.745009,-0.008934,0.225473,-0.107716,0.947034,,,,,,
sample,592,drone,,14.796701,13.292914,-0.154574,2.492957,1.408353,1.962875,-0.747350,-0.048274,0.155381,-0.079627,0.948425,,,,,,
sample,593,drone,,14.821695,13.328100,-0.105464,2.474253,1.406655,1.965882,-0.748989,-0.087614,0.085289,-0.051537,0.949721,,,,,,
sample,594,drone,,14.846689,13.363231,-0.056302,2.455516,1.403973,1.967138,-0.749926,-0.126954,0.015197,-0.023447,0.950926,,,,,,
sample,595,drone,,14.871684,13.398283,-0.007129,2.436765,1.400308,1.966642,-0.750161,-0.166294,-0.054894,0.004643,0.952042,,,,,,
sample,596,drone,,14.896678,13.433231,0.042009,2.418017,1.395660,1.964394,-0.749694,-0.205635,-0.124986,0.032732,0.953072,,,,,,
sample,597,drone,,14.921673,13.468051,0.091068,2.399289,1.390029,1.960394,-0.748525,-0.244975,-0.195078,0.060822,0.954018,,,,,,
sample,598,drone,,14.946667,13.502717,0.140006,2.380599,1.383414,1.954642,-0.746654,-0.284315,-0.265170,0.088912,0.954882,,,,,,
sample,599,drone,,14.971662,13.537206,0.188779,2.361964,1.375816,1.947139,-0.744080,-0.323655,-0.335262,0.117002,0.955665,,,,,,
sample,600,drone,,14.996656,13.571493,0.237342,2.343403,1.367235,1.937883,-0.740805,-0.362995,-0.405353,0.145092,0.956368,,,,,,
sample,601,drone,,15.021650,13.605553,0.285651,2.324932,1.357671,1.926875,-0.736827,-0.402336,-0.475445,0.173181,0.956992,,,,,,
sample,602,drone,,15.046645,13.639361,0.333664,2.306570,1.347123,1.914116,-0.732148,-0.441676,-0.545537,0.201271,0.957536,,,,,,
sample,603,drone,,15.071639,13.672894,0.381336,2.288333,1.335592,1.899605,-0.726766,-0.481016,-0.615629,0.229361,0.958000,,,,,,
sample,604,drone,,15.096634,13.706126,0.428623,2.270240,1.323077,1.883341,-0.720682,-0.520356,-0.685721,0.257451,0.958384,,,,,,
sample,605,drone,,15.121628,13.739033,0.475482,2.252307,1.309580,1.865326,-0.713896,-0.559696,-0.755813,0.285540,0.958686,,,,,,
sample,606,drone,,15.146623,13.771590,0.521869,2.234553,1.295099,1.845559,-0.706408,-0.599037,-0.825904,0.313630,0.958905,,,,,,
sample,607,drone,,15.171617,13.803773,0.567739,2.216994,1.279635,1.824040,-0.698218,-0.638377,-0.895996,0.341720,0.959039,,,,,,
sample,608,drone,,15.196611,13.835558,0.613050,2.199650,1.263187,1.800769,-0.689326,-0.677717,-0.966088,0.369810,0.959084,,,,,,
sample,609,drone,,15.221606,13.866919,0.657758,2.182536,1.245756,1.775747,-0.679732,-0.717057,-1.036180,0.397899,0.959038,,,,,,
sample,610,drone,,15.246600,13.897832,0.701818,2.165671,1.227342,1.748972,-0.669436,-0.756397,-1.106272,0.425989,0.958896,,,,,,
sample,611,drone,,15.271595,13.928272,0.745187,2.149071,1.207945,1.720445,-0.658437,-0.795737,-1.176363,0.454079,0.958654,,,,,,
sample,612,drone,,15.296589,13.958215,0.787821,2.132756,1.187564,1.690167,-0.646737,-0.835078,-1.246455,0.482169,0.958307,,,,,,
sample,613,drone,,15.321584,13.987637,0.829676,2.116742,1.166200,1.658137,-0.634334,-0.874418,-1.316547,0.510258,0.957846,,,,,,
sample,614,drone,,15.346578,14.016512,0.870709,2.101046,1.143853,1.624354,-0.621230,-0.913758,-1.386639,0.538348,0.957264,,,,,,
sample,615,drone,,15.371572,14.044817,0.910876,2.085687,1.120523,1.588820,-0.607423,-0.953098,-1.456731,0.566438,0.956552,,,,,,
sample,616,drone,,15.396567,14.072526,0.950133,2.070682,1.096209,1.551534,-0.592914,-0.992438,-1.526823,0.594528,0.955700,,,,,,
sample,617,drone,,15.421561,14.099615,0.988435,2.056048,1.070912,1.512496,-0.577703,-1.031779,-1.596914,0.622618,0.954693,,,,,,
sample,618,drone,,15.446556,14.126060,1.025740,2.041803,1.044631,1.471706,-0.561790,-1.071119,-1.667006,0.650707,0.953517,,,,,,
sample,619,drone,,15.471550,14.151835,1.062004,2.027965,1.017368,1.429164,-0.545175,-1.110459,-1.737098,0.678797,0.952154,,,,,,
sample,620,drone,,15.496545,14.176917,1.097183,2.014551,0.989121,1.384870,-0.527858,-1.149799,-1.807190,0.706887,0.950581,,,,,,
sample,621,drone,,15.521539,14.201280,1.131232,2.001578,0.959891,1.338825,-0.509839,-1.189139,-1.877282,0.734977,0.948775,,,,,,
sample,622,drone,,15.546533,14.224901,1.164109,1.989064,0.929677,1.291027,-0.491117,-1.228480,-1.947373,0.763066,0.946703,,,,,,
sample,623,drone,,15.571528,14.247754,1.195769,1.977028,0.898480,1.241478,-0.471694,-1.267820,-2.017465,0.791156,0.944329,,,,,,
sample,624,drone,,15.596522,14.269815,1.226169,1.965485,0.866300,1.190177,-0.451568,-1.307160,-2.087557,0.819246,0.941606,,,,,,
sample,625,drone,,15.621517,14.291059,1.255265,1.954454,0.833137,1.137123,-0.430741,-1.346500,-2.157649,0.847336,0.938479,,,,,,
sample,626,drone,,15.646511,14.311462,1.283013,1.943953,0.798990,1.082318,-0.409211,-1.385840,-2.227741,0.875425,0.934876,,,,,,
sample,627,drone,,15.671506,14.330999,1.309369,1.933998,0.763860,1.025761,-0.386979,-1.425180,-2.297833,0.903515,0.930711,,,,,,
sample,628,drone,,15.696500,14.349647,1.334289,1.924608,0.727747,0.967452,-0.364045,-1.464521,-2.367924,0.931605,0.925869,,,,,,
sample,629,drone,,15.721494,14.367379,1.357731,1.915800,0.690651,0.907391,-0.340409,-1.503861,-2.438016,0.959695,0.920204,,,,,,
sample,630,drone,,15.746489,14.384171,1.379649,1.907591,0.652571,0.845578,-0.316071,-1.147566,-1.863558,0.733816,0.913523,,,,,,
sample,631,drone,,15.771483,14.400000,1.400000,1.900000,0.633285,0.814234,-0.303727,-0.771600,-1.254054,0.493892,0.909759,,,,,,
