section,index,name,t,x,y,z,vx,vy,vz,ax,ay,az,yaw,local_u,local_v,plane_error,gate_margin,contains
crossing,1,G1,1.310433,2.273887,-0.110785,1.094393,,,,,,,,-0.674995,-0.341939,0.000000000,0.172733375,True
crossing,2,G6,3.185720,4.442886,2.585297,1.724463,,,,,,,,-0.367639,-0.289506,0.000000000,0.119799839,True
crossing,3,G3,6.977212,5.796343,-1.990109,1.102968,,,,,,,,0.413003,-0.370502,0.000000000,0.179169557,True
crossing,4,G2,10.348202,8.086605,2.079944,2.039551,,,,,,,,-0.569080,0.090190,0.000000000,0.272606665,True
crossing,5,G5,11.848240,10.409771,1.391295,1.317032,,,,,,,,0.122894,0.618319,0.000000000,0.160784345,True
crossing,6,G4,13.874644,12.047290,-1.433598,3.191903,,,,,,,,0.404835,-0.294397,0.000000000,0.146978139,True
sample,0,drone,0.000000,0.000000,-1.400000,1.200000,1.001973,0.563349,-0.048895,1.854211,0.869140,-0.176889,0.512192,,,,,
sample,1,drone,0.024987,0.025036,-1.385924,1.198778,1.048304,0.585066,-0.053315,2.743142,1.287591,-0.260807,0.509046,,,,,
sample,2,drone,0.049974,0.052388,-1.370762,1.197336,1.139059,0.627695,-0.061928,3.555724,1.673807,-0.335671,0.503660,,,,,
sample,3,drone,0.074961,0.081960,-1.354555,1.195683,1.225999,0.668713,-0.070090,3.403027,1.609334,-0.317564,0.499338,,,,,
sample,4,drone,0.099948,0.113656,-1.337343,1.193833,1.309123,0.708120,-0.077798,3.250329,1.544862,-0.299457,0.495839,,,,,
sample,5,drone,0.124935,0.147382,-1.319167,1.191796,1.388431,0.745917,-0.085055,3.097632,1.480389,-0.281350,0.492992,,,,,
sample,6,drone,0.149923,0.183042,-1.300067,1.189582,1.463924,0.782102,-0.091859,2.944934,1.415916,-0.263243,0.490671,,,,,
sample,7,drone,0.174910,0.220541,-1.280082,1.187205,1.535602,0.816676,-0.098210,2.792236,1.351444,-0.245136,0.488785,,,,,
sample,8,drone,0.199897,0.259783,-1.259254,1.184674,1.603464,0.849639,-0.104109,2.639539,1.286971,-0.227029,0.487263,,,,,
sample,9,drone,0.224884,0.300672,-1.237622,1.182002,1.667510,0.880991,-0.109556,2.486841,1.222498,-0.208922,0.486052,,,,,
sample,10,drone,0.249871,0.343115,-1.215227,1.179199,1.727742,0.910732,-0.114550,2.334143,1.158026,-0.190815,0.485110,,,,,
sample,11,drone,0.274858,0.387015,-1.192109,1.176278,1.784157,0.938862,-0.119092,2.181446,1.093553,-0.172708,0.484404,,,,,
sample,12,drone,0.299845,0.432277,-1.168308,1.173248,1.836758,0.965382,-0.123181,2.028748,1.029081,-0.154601,0.483910,,,,,
sample,13,drone,0.324832,0.478805,-1.143865,1.170122,1.885542,0.990290,-0.126818,1.876050,0.964608,-0.136494,0.483605,,,,,
sample,14,drone,0.349819,0.526505,-1.118820,1.166910,1.930512,1.013587,-0.130002,1.723353,0.900135,-0.118387,0.483475,,,,,
sample,15,drone,0.374806,0.575281,-1.093212,1.163625,1.971665,1.035273,-0.132734,1.570655,0.835663,-0.100280,0.483506,,,,,
sample,16,drone,0.399793,0.625038,-1.067083,1.160277,2.009004,1.055349,-0.135013,1.417957,0.771190,-0.082173,0.483690,,,,,
sample,17,drone,0.424780,0.675679,-1.040472,1.156878,2.042527,1.073813,-0.136841,1.265260,0.706717,-0.064066,0.484017,,,,,
sample,18,drone,0.449768,0.727111,-1.013420,1.153439,2.072234,1.090666,-0.138215,1.112562,0.642245,-0.045959,0.484484,,,,,
sample,19,drone,0.474755,0.779237,-0.985967,1.149971,2.098126,1.105909,-0.139137,0.959865,0.577772,-0.027852,0.485087,,,,,
sample,20,drone,0.499742,0.831963,-0.958153,1.146485,2.120203,1.119540,-0.139607,0.807167,0.513299,-0.009745,0.485823,,,,,
sample,21,drone,0.524729,0.885193,-0.930019,1.142994,2.138464,1.131560,-0.139624,0.654469,0.448827,0.008362,0.486692,,,,,
sample,22,drone,0.549716,0.938831,-0.901604,1.139508,2.152909,1.141970,-0.139189,0.501772,0.384354,0.026469,0.487695,,,,,
sample,23,drone,0.574703,0.992783,-0.872950,1.136038,2.163539,1.150768,-0.138302,0.349074,0.319882,0.044576,0.488834,,,,,
sample,24,drone,0.599690,1.046952,-0.844095,1.132596,2.170354,1.157956,-0.136962,0.196376,0.255409,0.062683,0.490113,,,,,
sample,25,drone,0.624677,1.101244,-0.815082,1.129194,2.173353,1.163532,-0.135169,0.043679,0.190936,0.080790,0.491536,,,,,
sample,26,drone,0.649664,1.155564,-0.785949,1.125841,2.172537,1.167497,-0.132924,-0.109019,0.126464,0.098897,0.493110,,,,,
sample,27,drone,0.674651,1.209815,-0.756737,1.122551,2.167905,1.169852,-0.130227,-0.261717,0.061991,0.117004,0.494842,,,,,
sample,28,drone,0.699638,1.263903,-0.727486,1.119333,2.159458,1.170595,-0.127077,-0.414414,-0.002482,0.135111,0.496741,,,,,
sample,29,drone,0.724625,1.317732,-0.698237,1.116200,2.147195,1.169728,-0.123475,-0.567112,-0.066954,0.153218,0.498819,,,,,
sample,30,drone,0.749613,1.371207,-0.669030,1.113163,2.131117,1.167249,-0.119420,-0.719810,-0.131427,0.171325,0.501089,,,,,
sample,31,drone,0.774600,1.424233,-0.639905,1.110232,2.111223,1.163160,-0.114913,-0.872507,-0.195899,0.189432,0.503566,,,,,
sample,32,drone,0.799587,1.476714,-0.610902,1.107420,2.087514,1.157460,-0.109953,-1.025205,-0.260372,0.207539,0.506267,,,,,
sample,33,drone,0.824574,1.528555,-0.582062,1.104737,2.059989,1.150148,-0.104541,-1.177902,-0.324845,0.225646,0.509214,,,,,
sample,34,drone,0.849561,1.579660,-0.553425,1.102196,2.028649,1.141226,-0.098677,-1.330600,-0.389317,0.243753,0.512431,,,,,
sample,35,drone,0.874548,1.629935,-0.525030,1.099806,1.993494,1.130692,-0.092360,-1.483298,-0.453790,0.261860,0.515946,,,,,
sample,36,drone,0.899535,1.679283,-0.496919,1.097580,1.954523,1.118548,-0.085591,-1.635995,-0.518263,0.279967,0.519793,,,,,
sample,37,drone,0.924522,1.727610,-0.469132,1.095529,1.911736,1.104793,-0.078369,-1.788693,-0.582735,0.298074,0.524011,,,,,
sample,38,drone,0.949509,1.774821,-0.441708,1.093664,1.865134,1.089426,-0.070695,-1.941391,-0.647208,0.316181,0.528647,,,,,
sample,39,drone,0.974496,1.820819,-0.414689,1.091996,1.814717,1.072449,-0.062568,-2.094088,-0.711681,0.334288,0.533756,,,,,
sample,40,drone,0.999483,1.865510,-0.388113,1.090537,1.760484,1.053861,-0.053989,-2.246786,-0.776153,0.352395,0.539404,,,,,
sample,41,drone,1.024471,1.908798,-0.362023,1.089298,1.702435,1.033661,-0.044957,-2.399484,-0.840626,0.370502,0.545672,,,,,
sample,42,drone,1.049458,1.950588,-0.336457,1.088290,1.640572,1.011851,-0.035473,-2.552181,-0.905098,0.388609,0.552657,,,,,
sample,43,drone,1.074445,1.990784,-0.311456,1.087525,1.574892,0.988430,-0.025537,-2.704879,-0.969571,0.406716,0.560479,,,,,
sample,44,drone,1.099432,2.029291,-0.287061,1.087014,1.505397,0.963397,-0.015148,-2.857577,-1.034044,0.424823,0.569286,,,,,
sample,45,drone,1.124419,2.066015,-0.263311,1.086768,1.432087,0.936754,-0.004307,-3.010274,-1.098516,0.442930,0.579265,,,,,
sample,46,drone,1.149406,2.100859,-0.240248,1.086799,1.354961,0.908500,0.006987,-3.162972,-1.162989,0.461037,0.590651,,,,,
sample,47,drone,1.174393,2.133728,-0.217910,1.087117,1.274020,0.878635,0.018733,-3.315669,-1.227462,0.479144,0.603749,,,,,
sample,48,drone,1.199380,2.164527,-0.196338,1.087735,1.189264,0.847159,0.030932,-3.468367,-1.291934,0.497251,0.618959,,,,,
sample,49,drone,1.224367,2.193160,-0.175574,1.088663,1.100692,0.814071,0.043583,-3.621065,-1.356407,0.515358,0.636812,,,,,
sample,50,drone,1.249354,2.219533,-0.155656,1.089913,1.008304,0.779373,0.056686,-3.773762,-1.420880,0.533465,0.658031,,,,,
sample,51,drone,1.274341,2.243550,-0.136625,1.091496,0.912101,0.743064,0.070242,-3.700137,-1.296346,0.562966,0.683624,,,,,
sample,52,drone,1.299328,2.265115,-0.118522,1.093423,0.823393,0.714590,0.084820,-2.294683,-0.071798,0.654681,0.714772,,,,,
sample,53,drone,1.324316,2.284698,-0.100914,1.095735,0.797426,0.739476,0.102960,0.159272,1.986850,0.782751,0.747710,,,,,
sample,54,drone,1.349303,2.304965,-0.081567,1.098569,0.831352,0.813881,0.123938,1.476054,3.048443,0.834820,0.774779,,,,,
sample,55,drone,1.374290,2.326244,-0.060241,1.101928,0.871191,0.891820,0.144679,1.568691,3.068655,0.817712,0.797099,,,,,
sample,56,drone,1.399277,2.348502,-0.036999,1.105799,0.909746,0.967234,0.164802,1.517349,2.967629,0.792960,0.816016,,,,,
sample,57,drone,1.424264,2.371708,-0.011904,1.110164,0.947019,1.040124,0.184307,1.466007,2.866603,0.768209,0.832218,,,,,
sample,58,drone,1.449251,2.395829,0.014980,1.115009,0.983009,1.110490,0.203193,1.414665,2.765578,0.743457,0.846217,,,,,
sample,59,drone,1.474238,2.420833,0.043591,1.120319,1.017716,1.178332,0.221460,1.363323,2.664552,0.718706,0.858407,,,,,
sample,60,drone,1.499225,2.446688,0.073866,1.126077,1.051140,1.243649,0.239109,1.311980,2.563526,0.693954,0.869092,,,,,
sample,61,drone,1.524212,2.473363,0.105742,1.132268,1.083281,1.306442,0.256140,1.260638,2.462501,0.669202,0.878512,,,,,
sample,62,drone,1.549199,2.500824,0.139155,1.138877,1.114139,1.366710,0.272552,1.209296,2.361475,0.644451,0.886857,,,,,
sample,63,drone,1.574186,2.529041,0.174042,1.145889,1.143714,1.424455,0.288346,1.157954,2.260449,0.619699,0.894281,,,,,
sample,64,drone,1.599173,2.557980,0.210341,1.153287,1.172007,1.479675,0.303521,1.106612,2.159424,0.594948,0.900909,,,,,
sample,65,drone,1.624161,2.587611,0.247987,1.161057,1.199016,1.532370,0.318078,1.055270,2.058398,0.570196,0.906843,,,,,
sample,66,drone,1.649148,2.617900,0.286919,1.169183,1.224743,1.582541,0.332016,1.003928,1.957373,0.545444,0.912168,,,,,
sample,67,drone,1.674135,2.648816,0.327074,1.177649,1.249187,1.630188,0.345336,0.952586,1.856347,0.520693,0.916955,,,,,
sample,68,drone,1.699122,2.680327,0.368387,1.186440,1.272348,1.675311,0.358037,0.901243,1.755321,0.495941,0.921262,,,,,
sample,69,drone,1.724109,2.712401,0.410796,1.195542,1.294226,1.717909,0.370120,0.849901,1.654296,0.471190,0.925140,,,,,
sample,70,drone,1.749096,2.745005,0.454238,1.204937,1.314821,1.757983,0.381585,0.798559,1.553270,0.446438,0.928631,,,,,
sample,71,drone,1.774083,2.778108,0.498650,1.214611,1.334133,1.795532,0.392431,0.747217,1.452244,0.421686,0.931771,,,,,
sample,72,drone,1.799070,2.811677,0.543968,1.224548,1.352162,1.830557,0.402658,0.695875,1.351219,0.396935,0.934591,,,,,
sample,73,drone,1.824057,2.845681,0.590130,1.234733,1.368909,1.863058,0.412267,0.644533,1.250193,0.372183,0.937118,,,,,
sample,74,drone,1.849044,2.880088,0.637073,1.245151,1.384372,1.893035,0.421258,0.593191,1.149167,0.347432,0.939372,,,,,
sample,75,drone,1.874031,2.914864,0.684733,1.255785,1.398553,1.920487,0.429630,0.541848,1.048142,0.322680,0.941375,,,,,
sample,76,drone,1.899019,2.949979,0.733048,1.266621,1.411451,1.945415,0.437383,0.490506,0.947116,0.297928,0.943143,,,,,
sample,77,drone,1.924006,2.985400,0.781954,1.277643,1.423066,1.967818,0.444518,0.439164,0.846090,0.273177,0.944689,,,,,
sample,78,drone,1.948993,3.021096,0.831388,1.288836,1.433398,1.987698,0.451035,0.387822,0.745065,0.248425,0.946026,,,,,
sample,79,drone,1.973980,3.057033,0.881287,1.300183,1.442447,2.005052,0.456933,0.336480,0.644039,0.223674,0.947165,,,,,
sample,80,drone,1.998967,3.093181,0.931589,1.311671,1.450213,2.019883,0.462213,0.285138,0.543014,0.198922,0.948112,,,,,
sample,81,drone,2.023954,3.129506,0.982229,1.323282,1.456696,2.032189,0.466874,0.233796,0.441988,0.174170,0.948876,,,,,
sample,82,drone,2.048941,3.165978,1.033146,1.335002,1.461897,2.041971,0.470917,0.182453,0.340962,0.149419,0.949463,,,,,
sample,83,drone,2.073928,3.202563,1.084275,1.346816,1.465814,2.049228,0.474341,0.131111,0.239937,0.124667,0.949875,,,,,
sample,84,drone,2.098915,3.239231,1.135554,1.358707,1.468449,2.053961,0.477147,0.079769,0.138911,0.099916,0.950117,,,,,
sample,85,drone,2.123902,3.275948,1.186920,1.370661,1.469801,2.056170,0.479335,0.028427,0.037885,0.075164,0.950190,,,,,
sample,86,drone,2.148889,3.312683,1.238309,1.382662,1.469869,2.055855,0.480903,-0.022915,-0.063140,0.050412,0.950096,,,,,
sample,87,drone,2.173876,3.349403,1.289660,1.394694,1.468655,2.053015,0.481854,-0.074257,-0.164166,0.025661,0.949832,,,,,
sample,88,drone,2.198864,3.386078,1.340907,1.406742,1.466158,2.047651,0.482186,-0.125599,-0.265192,0.000909,0.949400,,,,,
sample,89,drone,2.223851,3.422673,1.391989,1.418790,1.462379,2.039762,0.481899,-0.176942,-0.366217,-0.023842,0.948794,,,,,
sample,90,drone,2.248838,3.459159,1.442843,1.430824,1.457316,2.029349,0.480994,-0.228284,-0.467243,-0.048594,0.948013,,,,,
sample,91,drone,2.273825,3.495502,1.493404,1.442828,1.450970,2.016412,0.479471,-0.279626,-0.568268,-0.073346,0.947050,,,,,
sample,92,drone,2.298812,3.531670,1.543611,1.454785,1.443342,2.000951,0.477329,-0.330968,-0.669294,-0.098097,0.945899,,,,,
sample,93,drone,2.323799,3.567631,1.593400,1.466682,1.434431,1.982965,0.474569,-0.382310,-0.770320,-0.122849,0.944553,,,,,
sample,94,drone,2.348786,3.603354,1.642708,1.478502,1.424236,1.962454,0.471190,-0.433652,-0.871345,-0.147600,0.943002,,,,,
sample,95,drone,2.373773,3.638806,1.691472,1.490229,1.412759,1.939420,0.467192,-0.484994,-0.972371,-0.172352,0.941234,,,,,
sample,96,drone,2.398760,3.673956,1.739629,1.501849,1.399999,1.913861,0.462577,-0.536336,-1.073397,-0.197104,0.939237,,,,,
sample,97,drone,2.423747,3.708770,1.787116,1.513346,1.385956,1.885778,0.457342,-0.587679,-1.174422,-0.221855,0.936996,,,,,
sample,98,drone,2.448734,3.743218,1.833869,1.524704,1.370630,1.855170,0.451489,-0.639021,-1.275448,-0.246607,0.934491,,,,,
sample,99,drone,2.473721,3.777266,1.879826,1.535909,1.354022,1.822038,0.445018,-0.690363,-1.376474,-0.271358,0.931703,,,,,
sample,100,drone,2.498709,3.810884,1.924924,1.546944,1.336130,1.786382,0.437929,-0.741705,-1.477499,-0.296110,0.928607,,,,,
sample,101,drone,2.523696,3.844038,1.969099,1.557794,1.316956,1.748202,0.430220,-0.793047,-1.578525,-0.320862,0.925174,,,,,
sample,102,drone,2.548683,3.876698,2.012289,1.568444,1.296498,1.707497,0.421894,-0.844389,-1.679551,-0.345613,0.921371,,,,,
sample,103,drone,2.573670,3.908830,2.054430,1.578878,1.274758,1.664267,0.412949,-0.895731,-1.780576,-0.370365,0.917160,,,,,
sample,104,drone,2.598657,3.940403,2.095459,1.589081,1.251735,1.618514,0.403385,-0.947074,-1.881602,-0.395116,0.912496,,,,,
sample,105,drone,2.623644,3.971384,2.135314,1.599037,1.227429,1.570236,0.393203,-0.998416,-1.982627,-0.419868,0.907324,,,,,
sample,106,drone,2.648631,4.001742,2.173931,1.608731,1.201840,1.519434,0.382403,-1.049758,-2.083653,-0.444619,0.901580,,,,,
sample,107,drone,2.673618,4.031445,2.211246,1.618147,1.174968,1.466107,0.370984,-1.101100,-2.184679,-0.469371,0.895190,,,,,
sample,108,drone,2.698605,4.060460,2.247198,1.627270,1.146813,1.410256,0.358946,-1.152442,-2.285704,-0.494123,0.888061,,,,,
sample,109,drone,2.723592,4.088756,2.281723,1.636085,1.117376,1.351881,0.346290,-1.203784,-2.386730,-0.518874,0.880084,,,,,
sample,110,drone,2.748579,4.116300,2.314757,1.644576,1.086655,1.290981,0.333016,-1.255126,-2.487756,-0.543626,0.871124,,,,,
sample,111,drone,2.773567,4.143061,2.346238,1.652727,1.054652,1.227557,0.319123,-1.306469,-2.588781,-0.568377,0.861016,,,,,
sample,112,drone,2.798554,4.169006,2.376103,1.660524,1.021365,1.161609,0.304612,-1.357811,-2.689807,-0.593129,0.849554,,,,,
sample,113,drone,2.823541,4.194103,2.404289,1.667950,0.986796,1.093136,0.289482,-1.409153,-2.790833,-0.617881,0.836480,,,,,
sample,114,drone,2.848528,4.218320,2.430732,1.674990,0.950944,1.022140,0.273734,-1.460495,-2.891858,-0.642632,0.821466,,,,,
sample,115,drone,2.873515,4.241625,2.455369,1.681629,0.913809,0.948618,0.257367,-1.511837,-2.992884,-0.667384,0.804086,,,,,
sample,116,drone,2.898502,4.263987,2.478138,1.687852,0.875391,0.872573,0.240382,-1.563179,-3.093910,-0.692135,0.783786,,,,,
sample,117,drone,2.923489,4.285372,2.498976,1.693642,0.835691,0.794003,0.222778,-1.614521,-3.194935,-0.716887,0.759824,,,,,
sample,118,drone,2.948476,4.305750,2.517818,1.698985,0.794707,0.712908,0.204556,-1.665864,-3.295961,-0.741639,0.731194,,,,,
sample,119,drone,2.973463,4.325087,2.534603,1.703865,0.752440,0.629290,0.185715,-1.717206,-3.396986,-0.766390,0.696505,,,,,
sample,120,drone,2.998450,4.343352,2.549266,1.708266,0.708891,0.543147,0.166256,-1.768548,-3.498012,-0.791142,0.653784,,,,,
sample,121,drone,3.023437,4.360513,2.561746,1.712173,0.664059,0.454480,0.146178,-1.819890,-3.599038,-0.815893,0.600177,,,,,
sample,122,drone,3.048424,4.376538,2.571978,1.715571,0.617943,0.363288,0.125482,-1.871232,-3.700063,-0.840645,0.531474,,,,,
sample,123,drone,3.073412,4.391395,2.579901,1.718444,0.570545,0.269572,0.104168,-1.922574,-3.801089,-0.865397,0.441391,,,,,
sample,124,drone,3.098399,4.405051,2.585450,1.720777,0.521864,0.173332,0.082235,-1.973916,-3.902115,-0.890148,0.320675,,,,,
sample,125,drone,3.123386,4.417474,2.588563,1.722554,0.471901,0.074567,0.059684,-2.025259,-4.003140,-0.914900,0.156718,,,,,
sample,126,drone,3.148373,4.428633,2.589177,1.723760,0.420654,-0.026722,0.036514,-2.005789,-4.021838,-0.917040,-0.063440,,,,,
sample,127,drone,3.173360,4.438496,2.587228,1.724379,0.371663,-0.126421,0.013855,-1.494805,-3.462917,-0.761065,-0.327873,,,,,
sample,128,drone,3.198347,4.447207,2.582859,1.724452,0.345952,-0.199778,-0.001520,-0.553992,-2.382433,-0.463711,-0.523692,,,,,
sample,129,drone,3.223334,4.455785,2.577244,1.724303,0.343978,-0.245481,-0.009318,-0.012159,-1.739991,-0.288879,-0.619831,,,,,
sample,130,drone,3.248321,4.464397,2.570591,1.723986,0.345345,-0.286733,-0.015956,0.054222,-1.639497,-0.263821,-0.692934,,,,,
sample,131,drone,3.273308,4.473043,2.562915,1.723505,0.346687,-0.327414,-0.022503,0.053260,-1.616633,-0.260141,-0.756814,,,,,
sample,132,drone,3.298295,4.481722,2.554229,1.722862,0.348006,-0.367523,-0.028957,0.052298,-1.593770,-0.256460,-0.812667,,,,,
sample,133,drone,3.323282,4.490434,2.544548,1.722058,0.349301,-0.407061,-0.035319,0.051335,-1.570906,-0.252780,-0.861616,,,,,
sample,134,drone,3.348269,4.499178,2.533886,1.721097,0.350572,-0.446028,-0.041589,0.050373,-1.548042,-0.249100,-0.904659,,,,,
sample,135,drone,3.373257,4.507954,2.522258,1.719980,0.351818,-0.484423,-0.047768,0.049411,-1.525178,-0.245420,-0.942661,,,,,
sample,136,drone,3.398244,4.516760,2.509678,1.718710,0.353041,-0.522247,-0.053854,0.048449,-1.502315,-0.241740,-0.976358,,,,,
sample,137,drone,3.423231,4.525597,2.496159,1.717288,0.354239,-0.559500,-0.059848,0.047486,-1.479451,-0.238060,-1.006368,,,,,
sample,138,drone,3.448218,4.534463,2.481717,1.715719,0.355414,-0.596182,-0.065751,0.046524,-1.456587,-0.234380,-1.033212,,,,,
sample,139,drone,3.473205,4.543358,2.466366,1.714003,0.356564,-0.632292,-0.071561,0.045562,-1.433723,-0.230700,-1.057326,,,,,
sample,140,drone,3.498192,4.552282,2.450119,1.712142,0.357691,-0.667831,-0.077280,0.044599,-1.410860,-0.227020,-1.079075,,,,,
sample,141,drone,3.523179,4.561234,2.432991,1.710141,0.358793,-0.702798,-0.082906,0.043637,-1.387996,-0.223340,-1.098767,,,,,
sample,142,drone,3.548166,4.570213,2.414997,1.707999,0.359872,-0.737195,-0.088441,0.042675,-1.365132,-0.219660,-1.116663,,,,,
sample,143,drone,3.573153,4.579218,2.396151,1.705721,0.360926,-0.771020,-0.093884,0.041713,-1.342268,-0.215980,-1.132980,,,,,
sample,144,drone,3.598140,4.588249,2.376466,1.703308,0.361956,-0.804273,-0.099234,0.040750,-1.319404,-0.212300,-1.147908,,,,,
sample,145,drone,3.623127,4.597306,2.355958,1.700762,0.362962,-0.836956,-0.104493,0.039788,-1.296541,-0.208620,-1.161605,,,,,
sample,146,drone,3.648115,4.606388,2.334640,1.698086,0.363945,-0.869067,-0.109660,0.038826,-1.273677,-0.204940,-1.174209,,,,,
sample,147,drone,3.673102,4.615494,2.312527,1.695282,0.364903,-0.900607,-0.114735,0.037864,-1.250813,-0.201260,-1.185837,,,,,
sample,148,drone,3.698089,4.624624,2.289633,1.692352,0.365837,-0.931575,-0.119718,0.036901,-1.227949,-0.197580,-1.196592,,,,,
sample,149,drone,3.723076,4.633777,2.265972,1.689299,0.366747,-0.961972,-0.124609,0.035939,-1.205086,-0.193900,-1.206562,,,,,
sample,150,drone,3.748063,4.642952,2.241559,1.686125,0.367633,-0.991798,-0.129408,0.034977,-1.182222,-0.190219,-1.215825,,,,,
sample,151,drone,3.773050,4.652149,2.216408,1.682832,0.368495,-1.021053,-0.134115,0.034014,-1.159358,-0.186539,-1.224447,,,,,
sample,152,drone,3.798037,4.661367,2.190533,1.679422,0.369333,-1.049736,-0.138730,0.033052,-1.136494,-0.182859,-1.232489,,,,,
sample,153,drone,3.823024,4.670606,2.163948,1.675899,0.370146,-1.077848,-0.143253,0.032090,-1.113631,-0.179179,-1.240002,,,,,
sample,154,drone,3.848011,4.679865,2.136668,1.672263,0.370936,-1.105389,-0.147684,0.031128,-1.090767,-0.175499,-1.247033,,,,,
sample,155,drone,3.872998,4.689143,2.108707,1.668518,0.371702,-1.132359,-0.152024,0.030165,-1.067903,-0.171819,-1.253623,,,,,
sample,156,drone,3.897985,4.698440,2.080079,1.664666,0.372444,-1.158757,-0.156271,0.029203,-1.045039,-0.168139,-1.259809,,,,,
sample,157,drone,3.922972,4.707756,2.050799,1.660709,0.373161,-1.184584,-0.160426,0.028241,-1.022176,-0.164459,-1.265622,,,,,
sample,158,drone,3.947960,4.717089,2.020881,1.656649,0.373855,-1.209839,-0.164490,0.027279,-0.999312,-0.160779,-1.271092,,,,,
sample,159,drone,3.972947,4.726439,1.990339,1.652489,0.374525,-1.234523,-0.168461,0.026316,-0.976448,-0.157099,-1.276245,,,,,
sample,160,drone,3.997934,4.735805,1.959187,1.648230,0.375170,-1.258636,-0.172340,0.025354,-0.953584,-0.153419,-1.281105,,,,,
sample,161,drone,4.022921,4.745188,1.927439,1.643876,0.375792,-1.282178,-0.176128,0.024392,-0.930720,-0.149739,-1.285692,,,,,
sample,162,drone,4.047908,4.754585,1.895111,1.639428,0.376389,-1.305148,-0.179823,0.023429,-0.907857,-0.146059,-1.290026,,,,,
sample,163,drone,4.072895,4.763997,1.862216,1.634890,0.376963,-1.327547,-0.183427,0.022467,-0.884993,-0.142379,-1.294125,,,,,
sample,164,drone,4.097882,4.773424,1.828768,1.630262,0.377512,-1.349375,-0.186939,0.021505,-0.862129,-0.138699,-1.298003,,,,,
sample,165,drone,4.122869,4.782863,1.794782,1.625547,0.378037,-1.370631,-0.190358,0.020543,-0.839265,-0.135019,-1.301675,,,,,
sample,166,drone,4.147856,4.792316,1.760272,1.620749,0.378539,-1.391317,-0.193686,0.019580,-0.816402,-0.131339,-1.305154,,,,,
sample,167,drone,4.172843,4.801780,1.725252,1.615868,0.379016,-1.411430,-0.196922,0.018618,-0.793538,-0.127658,-1.308452,,,,,
sample,168,drone,4.197830,4.811257,1.689737,1.610908,0.379469,-1.430973,-0.200066,0.017656,-0.770674,-0.123978,-1.311580,,,,,
sample,169,drone,4.222817,4.820744,1.653740,1.605870,0.379898,-1.449944,-0.203118,0.016694,-0.747810,-0.120298,-1.314548,,,,,
sample,170,drone,4.247805,4.830242,1.617277,1.600757,0.380303,-1.468344,-0.206078,0.015731,-0.724947,-0.116618,-1.317364,,,,,
sample,171,drone,4.272792,4.839749,1.580361,1.595571,0.380684,-1.486173,-0.208946,0.014769,-0.702083,-0.112938,-1.320037,,,,,
sample,172,drone,4.297779,4.849266,1.543006,1.590315,0.381041,-1.503430,-0.211722,0.013807,-0.679219,-0.109258,-1.322575,,,,,
sample,173,drone,4.322766,4.858792,1.505228,1.584991,0.381374,-1.520116,-0.214406,0.012844,-0.656355,-0.105578,-1.324985,,,,,
sample,174,drone,4.347753,4.868325,1.467040,1.579600,0.381683,-1.536231,-0.216998,0.011882,-0.633491,-0.101898,-1.327273,,,,,
sample,175,drone,4.372740,4.877866,1.428456,1.574147,0.381968,-1.551774,-0.219498,0.010920,-0.610628,-0.098218,-1.329445,,,,,
sample,176,drone,4.397727,4.887414,1.389491,1.568631,0.382229,-1.566747,-0.221906,0.009958,-0.587764,-0.094538,-1.331507,,,,,
sample,177,drone,4.422714,4.896967,1.350159,1.563057,0.382466,-1.581147,-0.224222,0.008995,-0.564900,-0.090858,-1.333464,,,,,
sample,178,drone,4.447701,4.906527,1.310475,1.557426,0.382678,-1.594977,-0.226447,0.008033,-0.542036,-0.087178,-1.335320,,,,,
sample,179,drone,4.472688,4.916091,1.270452,1.551740,0.382867,-1.608235,-0.228579,0.007071,-0.519173,-0.083498,-1.337080,,,,,
sample,180,drone,4.497675,4.925660,1.230105,1.546003,0.383032,-1.620922,-0.230619,0.006108,-0.496309,-0.079818,-1.338748,,,,,
sample,181,drone,4.522663,4.935233,1.189447,1.540215,0.383172,-1.633038,-0.232568,0.005146,-0.473445,-0.076138,-1.340328,,,,,
sample,182,drone,4.547650,4.944809,1.148495,1.534380,0.383289,-1.644582,-0.234424,0.004184,-0.450581,-0.072458,-1.341822,,,,,
sample,183,drone,4.572637,4.954388,1.107261,1.528500,0.383381,-1.655555,-0.236189,0.003222,-0.427718,-0.068778,-1.343235,,,,,
sample,184,drone,4.597624,4.963968,1.065760,1.522577,0.383450,-1.665957,-0.237861,0.002259,-0.404854,-0.065098,-1.344568,,,,,
sample,185,drone,4.622611,4.973550,1.024006,1.516613,0.383494,-1.675788,-0.239442,0.001297,-0.381990,-0.061417,-1.345826,,,,,
sample,186,drone,4.647598,4.983133,0.982014,1.510611,0.383515,-1.685047,-0.240931,0.000335,-0.359126,-0.057737,-1.347010,,,,,
sample,187,drone,4.672585,4.992716,0.939797,1.504573,0.383511,-1.693735,-0.242327,-0.000627,-0.336262,-0.054057,-1.348122,,,,,
sample,188,drone,4.697572,5.002299,0.897371,1.498501,0.383483,-1.701851,-0.243632,-0.001590,-0.313399,-0.050377,-1.349165,,,,,
sample,189,drone,4.722559,5.011880,0.854749,1.492398,0.383432,-1.709396,-0.244845,-0.002552,-0.290535,-0.046697,-1.350140,,,,,
sample,190,drone,4.747546,5.021460,0.811945,1.486265,0.383356,-1.716370,-0.245966,-0.003514,-0.267671,-0.043017,-1.351050,,,,,
sample,191,drone,4.772533,5.031038,0.768974,1.480106,0.383256,-1.722773,-0.246995,-0.004477,-0.244807,-0.039337,-1.351896,,,,,
sample,192,drone,4.797520,5.040613,0.725851,1.473922,0.383132,-1.728604,-0.247932,-0.005439,-0.221944,-0.035657,-1.352680,,,,,
sample,193,drone,4.822508,5.050185,0.682589,1.467716,0.382984,-1.733865,-0.248777,-0.006401,-0.199080,-0.031977,-1.353402,,,,,
sample,194,drone,4.847495,5.059753,0.639202,1.461489,0.382812,-1.738553,-0.249530,-0.007363,-0.176216,-0.028297,-1.354065,,,,,
sample,195,drone,4.872482,5.069316,0.595706,1.455246,0.382616,-1.742671,-0.250191,-0.008326,-0.153352,-0.024617,-1.354668,,,,,
sample,196,drone,4.897469,5.078874,0.552114,1.448986,0.382396,-1.746217,-0.250760,-0.009288,-0.130489,-0.020937,-1.355214,,,,,
sample,197,drone,4.922456,5.088426,0.508440,1.442714,0.382152,-1.749192,-0.251237,-0.010250,-0.107625,-0.017257,-1.355703,,,,,
sample,198,drone,4.947443,5.097971,0.464700,1.436431,0.381884,-1.751595,-0.251622,-0.011212,-0.084761,-0.013577,-1.356135,,,,,
sample,199,drone,4.972430,5.107510,0.420906,1.430139,0.381592,-1.753428,-0.251916,-0.012175,-0.061897,-0.009897,-1.356511,,,,,
sample,200,drone,4.997417,5.117041,0.377073,1.423842,0.381276,-1.754689,-0.252117,-0.013137,-0.039033,-0.006217,-1.356833,,,,,
sample,201,drone,5.022404,5.126564,0.333217,1.417540,0.380935,-1.755378,-0.252226,-0.014099,-0.016170,-0.002537,-1.357099,,,,,
sample,202,drone,5.047391,5.136078,0.289350,1.411237,0.380571,-1.755497,-0.252244,-0.015062,0.006694,0.001144,-1.357312,,,,,
sample,203,drone,5.072378,5.145583,0.245487,1.404934,0.380183,-1.755044,-0.252169,-0.016024,0.029558,0.004824,-1.357470,,,,,
sample,204,drone,5.097365,5.155077,0.201643,1.398635,0.379770,-1.754020,-0.252003,-0.016986,0.052422,0.008504,-1.357573,,,,,
sample,205,drone,5.122353,5.164561,0.157832,1.392341,0.379334,-1.752424,-0.251744,-0.017948,0.075285,0.012184,-1.357623,,,,,
sample,206,drone,5.147340,5.174034,0.114067,1.386054,0.378873,-1.750257,-0.251394,-0.018911,0.098149,0.015864,-1.357618,,,,,
sample,207,drone,5.172327,5.183495,0.070364,1.379778,0.378389,-1.747519,-0.250951,-0.019873,0.121013,0.019544,-1.357559,,,,,
sample,208,drone,5.197314,5.192944,0.026736,1.373513,0.377880,-1.744210,-0.250417,-0.020835,0.143877,0.023224,-1.357445,,,,,
sample,209,drone,5.222301,5.202379,-0.016802,1.367263,0.377347,-1.740329,-0.249791,-0.021797,0.166740,0.026904,-1.357276,,,,,
sample,210,drone,5.247288,5.211801,-0.060235,1.361030,0.376791,-1.735877,-0.249073,-0.022760,0.189604,0.030584,-1.357051,,,,,
sample,211,drone,5.272275,5.221209,-0.103551,1.354816,0.376210,-1.730854,-0.248262,-0.023722,0.212468,0.034264,-1.356770,,,,,
sample,212,drone,5.297262,5.230602,-0.146733,1.348623,0.375605,-1.725259,-0.247360,-0.024684,0.235332,0.037944,-1.356432,,,,,
sample,213,drone,5.322249,5.239980,-0.189769,1.342454,0.374976,-1.719093,-0.246366,-0.025647,0.258195,0.041624,-1.356036,,,,,
sample,214,drone,5.347236,5.249341,-0.232644,1.336311,0.374324,-1.712356,-0.245280,-0.026609,0.281059,0.045304,-1.355580,,,,,
sample,215,drone,5.372223,5.258686,-0.275343,1.330197,0.373647,-1.705048,-0.244102,-0.027571,0.303923,0.048984,-1.355065,,,,,
sample,216,drone,5.397211,5.268014,-0.317852,1.324113,0.372946,-1.697168,-0.242832,-0.028533,0.326787,0.052664,-1.354488,,,,,
sample,217,drone,5.422198,5.277324,-0.360157,1.318061,0.372221,-1.688717,-0.241470,-0.029496,0.349651,0.056344,-1.353849,,,,,
sample,218,drone,5.447185,5.286615,-0.402244,1.312045,0.371472,-1.679694,-0.240016,-0.030458,0.372514,0.060024,-1.353145,,,,,
sample,219,drone,5.472172,5.295888,-0.444098,1.306067,0.370699,-1.670101,-0.238471,-0.031420,0.395378,0.063704,-1.352375,,,,,
sample,220,drone,5.497159,5.305141,-0.485706,1.300128,0.369902,-1.659936,-0.236833,-0.032382,0.418242,0.067385,-1.351538,,,,,
sample,221,drone,5.522146,5.314373,-0.527052,1.294231,0.369080,-1.649199,-0.235103,-0.033345,0.441106,0.071065,-1.350630,,,,,
sample,222,drone,5.547133,5.323585,-0.568123,1.288379,0.368235,-1.637892,-0.233281,-0.034307,0.463969,0.074745,-1.349651,,,,,
sample,223,drone,5.572120,5.332776,-0.608905,1.282573,0.367366,-1.626013,-0.231368,-0.035269,0.486833,0.078425,-1.348596,,,,,
sample,224,drone,5.597107,5.341944,-0.649382,1.276816,0.366473,-1.613563,-0.229362,-0.036232,0.509697,0.082105,-1.347465,,,,,
sample,225,drone,5.622094,5.351090,-0.689541,1.271111,0.365555,-1.600541,-0.227265,-0.037194,0.532561,0.085785,-1.346253,,,,,
sample,226,drone,5.647081,5.360212,-0.729368,1.265459,0.364614,-1.586948,-0.225075,-0.038156,0.555424,0.089465,-1.344958,,,,,
sample,227,drone,5.672068,5.369311,-0.768848,1.259863,0.363648,-1.572784,-0.222794,-0.039118,0.578288,0.093145,-1.343576,,,,,
sample,228,drone,5.697056,5.378385,-0.807966,1.254325,0.362659,-1.558049,-0.220420,-0.040081,0.601152,0.096825,-1.342104,,,,,
sample,229,drone,5.722043,5.387435,-0.846710,1.248848,0.361645,-1.542742,-0.217955,-0.041043,0.624016,0.100505,-1.340537,,,,,
sample,230,drone,5.747030,5.396458,-0.885064,1.243433,0.360608,-1.526864,-0.215398,-0.042005,0.646880,0.104185,-1.338871,,,,,
sample,231,drone,5.772017,5.405456,-0.923014,1.238083,0.359546,-1.510415,-0.212748,-0.042967,0.669743,0.107865,-1.337101,,,,,
sample,232,drone,5.797004,5.414426,-0.960545,1.232801,0.358461,-1.493394,-0.210007,-0.043930,0.692607,0.111545,-1.335222,,,,,
sample,233,drone,5.821991,5.423370,-0.997645,1.227588,0.357351,-1.475802,-0.207174,-0.044892,0.715471,0.115225,-1.333229,,,,,
sample,234,drone,5.846978,5.432285,-1.034297,1.222448,0.356217,-1.457639,-0.204249,-0.045854,0.738335,0.118905,-1.331114,,,,,
sample,235,drone,5.871965,5.441171,-1.070489,1.217381,0.355059,-1.438905,-0.201232,-0.046817,0.761198,0.122585,-1.328873,,,,,
sample,236,drone,5.896952,5.450029,-1.106205,1.212391,0.353878,-1.419599,-0.198123,-0.047779,0.784062,0.126265,-1.326495,,,,,
sample,237,drone,5.921939,5.458856,-1.141432,1.207480,0.352672,-1.399722,-0.194922,-0.048741,0.806926,0.129945,-1.323975,,,,,
sample,238,drone,5.946926,5.467653,-1.176155,1.202650,0.351442,-1.379274,-0.191629,-0.049703,0.829790,0.133626,-1.321303,,,,,
sample,239,drone,5.971913,5.476419,-1.210360,1.197904,0.350188,-1.358254,-0.188244,-0.050666,0.852653,0.137306,-1.318469,,,,,
sample,240,drone,5.996901,5.485153,-1.244033,1.193243,0.348910,-1.336663,-0.184767,-0.051628,0.875517,0.140986,-1.315463,,,,,
sample,241,drone,6.021888,5.493855,-1.277159,1.188670,0.347608,-1.314501,-0.181198,-0.052590,0.898381,0.144666,-1.312273,,,,,
sample,242,drone,6.046875,5.502525,-1.309724,1.184188,0.346282,-1.291767,-0.177538,-0.053553,0.921245,0.148346,-1.308886,,,,,
sample,243,drone,6.071862,5.511161,-1.341714,1.179798,0.344931,-1.268462,-0.173785,-0.054515,0.944109,0.152026,-1.305288,,,,,
sample,244,drone,6.096849,5.519762,-1.373114,1.175503,0.343557,-1.244586,-0.169940,-0.055477,0.966972,0.155706,-1.301462,,,,,
sample,245,drone,6.121836,5.528330,-1.403911,1.171305,0.342159,-1.220139,-0.166004,-0.056439,0.989836,0.159386,-1.297392,,,,,
sample,246,drone,6.146823,5.536862,-1.434090,1.167207,0.340737,-1.195120,-0.161975,-0.057402,1.012700,0.163066,-1.293058,,,,,
sample,247,drone,6.171810,5.545358,-1.463636,1.163211,0.339290,-1.169530,-0.157855,-0.058364,1.035564,0.166746,-1.288439,,,,,
sample,248,drone,6.196797,5.553817,-1.492536,1.159318,0.337820,-1.143368,-0.153642,-0.059326,1.058427,0.170426,-1.283509,,,,,
sample,249,drone,6.221784,5.562240,-1.520775,1.155533,0.336326,-1.116636,-0.149338,-0.060288,1.081291,0.174106,-1.278243,,,,,
sample,250,drone,6.246771,5.570625,-1.548339,1.151855,0.334807,-1.089332,-0.144941,-0.061251,1.104155,0.177786,-1.272609,,,,,
sample,251,drone,6.271759,5.578972,-1.575214,1.148289,0.333265,-1.061456,-0.140453,-0.062213,1.127019,0.181466,-1.266573,,,,,
sample,252,drone,6.296746,5.587280,-1.601384,1.144836,0.331698,-1.033010,-0.135873,-0.063175,1.149882,0.185146,-1.260097,,,,,
sample,253,drone,6.321733,5.595548,-1.626837,1.141499,0.330108,-1.003992,-0.131200,-0.064138,1.172746,0.188826,-1.253136,,,,,
sample,254,drone,6.346720,5.603776,-1.651558,1.138280,0.328493,-0.974403,-0.126436,-0.065100,1.195610,0.192506,-1.245640,,,,,
sample,255,drone,6.371707,5.611964,-1.675532,1.135181,0.326854,-0.944242,-0.121580,-0.066062,1.218474,0.196187,-1.237551,,,,,
sample,256,drone,6.396694,5.620111,-1.698746,1.132204,0.325192,-0.913511,-0.116632,-0.067024,1.241337,0.199867,-1.228804,,,,,
sample,257,drone,6.421681,5.628215,-1.721184,1.129352,0.323505,-0.882208,-0.111592,-0.067987,1.264201,0.203547,-1.219323,,,,,
sample,258,drone,6.446668,5.636278,-1.742833,1.126627,0.321794,-0.850333,-0.106460,-0.068949,1.287065,0.207227,-1.209019,,,,,
sample,259,drone,6.471655,5.644297,-1.763679,1.124032,0.320059,-0.817888,-0.101236,-0.069911,1.309929,0.210907,-1.197791,,,,,
sample,260,drone,6.496642,5.652272,-1.783707,1.121568,0.318300,-0.784871,-0.095920,-0.070873,1.332793,0.214587,-1.185519,,,,,
sample,261,drone,6.521629,5.660204,-1.802902,1.119238,0.316517,-0.751282,-0.090512,-0.071836,1.355656,0.218267,-1.172061,,,,,
sample,262,drone,6.546616,5.668090,-1.821251,1.117045,0.314710,-0.717123,-0.085012,-0.072798,1.378520,0.221947,-1.157252,,,,,
sample,263,drone,6.571604,5.675931,-1.838740,1.114990,0.312879,-0.682392,-0.079421,-0.073760,1.401384,0.225627,-1.140893,,,,,
sample,264,drone,6.596591,5.683726,-1.855353,1.113076,0.311024,-0.647090,-0.073737,-0.074723,1.424248,0.229307,-1.122748,,,,,
sample,265,drone,6.621578,5.691474,-1.871078,1.111305,0.309145,-0.611216,-0.067961,-0.075685,1.447111,0.232987,-1.102530,,,,,
sample,266,drone,6.646565,5.699175,-1.885898,1.109679,0.307242,-0.574772,-0.062093,-0.076647,1.469975,0.236667,-1.079895,,,,,
sample,267,drone,6.671552,5.706828,-1.899801,1.108202,0.305315,-0.537756,-0.056134,-0.077609,1.492839,0.240347,-1.054422,,,,,
sample,268,drone,6.696539,5.714433,-1.912772,1.106874,0.303363,-0.500168,-0.050082,-0.078572,1.515703,0.244027,-1.025594,,,,,
sample,269,drone,6.721526,5.721989,-1.924797,1.105699,0.301388,-0.462010,-0.043939,-0.079534,1.538566,0.247707,-0.992777,,,,,
sample,270,drone,6.746513,5.729495,-1.935861,1.104678,0.299389,-0.423280,-0.037703,-0.080496,1.561430,0.251387,-0.955183,,,,,
sample,271,drone,6.771500,5.736950,-1.945950,1.103815,0.297365,-0.383978,-0.031376,-0.081458,1.584294,0.255067,-0.911841,,,,,
sample,272,drone,6.796487,5.744355,-1.955050,1.103110,0.295318,-0.344106,-0.024957,-0.082421,1.607158,0.258747,-0.861550,,,,,
sample,273,drone,6.821474,5.751709,-1.963146,1.102568,0.293247,-0.303662,-0.018445,-0.083383,1.630022,0.262428,-0.802846,,,,,
sample,274,drone,6.846461,5.759010,-1.970225,1.102189,0.291151,-0.262647,-0.011842,-0.084345,1.652885,0.266108,-0.733973,,,,,
sample,275,drone,6.871449,5.766259,-1.976272,1.101976,0.289031,-0.221060,-0.005147,-0.085308,1.675749,0.269788,-0.652926,,,,,
sample,276,drone,6.896436,5.773454,-1.981272,1.101931,0.286888,-0.178903,0.001640,-0.086270,1.698613,0.273468,-0.557591,,,,,
sample,277,drone,6.921423,5.780596,-1.985212,1.102058,0.284720,-0.136174,0.008520,-0.087232,1.721477,0.277148,-0.446115,,,,,
sample,278,drone,6.946410,5.787683,-1.988078,1.102357,0.282528,-0.092873,0.015491,-0.039923,1.757819,0.292856,-0.317595,,,,,
sample,279,drone,6.971397,5.794715,-1.989854,1.102832,0.282725,-0.048328,0.023155,0.166100,1.832180,0.346971,-0.169301,,,,,
sample,280,drone,6.996384,5.801812,-1.990493,1.103514,0.290829,-0.001312,0.032830,0.437146,1.906404,0.413972,-0.004510,,,,,
sample,281,drone,7.021371,5.809249,-1.989919,1.104473,0.304571,0.046943,0.043843,0.550734,1.918865,0.438510,0.152924,,,,,
sample,282,drone,7.046358,5.817032,-1.988147,1.105705,0.318352,0.094582,0.054744,0.547826,1.892884,0.432947,0.288793,,,,,
sample,283,drone,7.071345,5.825158,-1.985193,1.107208,0.331948,0.141538,0.065479,0.540462,1.865551,0.426254,0.403044,,,,,
sample,284,drone,7.096332,5.833621,-1.981074,1.108978,0.345361,0.187811,0.076046,0.533099,1.838218,0.419561,0.498080,,,,,
sample,285,drone,7.121319,5.842417,-1.975807,1.111009,0.358589,0.233402,0.086446,0.525736,1.810885,0.412868,0.576999,,,,,
sample,286,drone,7.146307,5.851541,-1.969410,1.113298,0.371634,0.278309,0.096679,0.518373,1.783552,0.406174,0.642783,,,,,
sample,287,drone,7.171294,5.860989,-1.961899,1.115840,0.384495,0.322533,0.106744,0.511010,1.756219,0.399481,0.697985,,,,,
sample,288,drone,7.196281,5.870756,-1.953291,1.118632,0.397171,0.366074,0.116643,0.503647,1.728885,0.392788,0.744678,,,,,
sample,289,drone,7.221268,5.880838,-1.943604,1.121669,0.409664,0.408933,0.126374,0.496284,1.701552,0.386095,0.784505,,,,,
sample,290,drone,7.246255,5.891229,-1.932855,1.124947,0.421973,0.451108,0.135937,0.488921,1.674219,0.379402,0.818756,,,,,
sample,291,drone,7.271242,5.901925,-1.921061,1.128463,0.434097,0.492600,0.145334,0.481558,1.646886,0.372709,0.848445,,,,,
sample,292,drone,7.296229,5.912922,-1.908238,1.132210,0.446038,0.533410,0.154563,0.474195,1.619553,0.366016,0.874368,,,,,
sample,293,drone,7.321216,5.924216,-1.894404,1.136187,0.457795,0.573536,0.163625,0.466832,1.592220,0.359323,0.897156,,,,,
sample,294,drone,7.346203,5.935800,-1.879576,1.140387,0.469368,0.612980,0.172520,0.459469,1.564886,0.352630,0.917313,,,,,
sample,295,drone,7.371190,5.947672,-1.863771,1.144808,0.480756,0.651740,0.181248,0.452105,1.537553,0.345937,0.935246,,,,,
sample,296,drone,7.396177,5.959826,-1.847006,1.149445,0.491961,0.689818,0.189808,0.444742,1.510220,0.339244,0.951282,,,,,
sample,297,drone,7.421164,5.972257,-1.829298,1.154294,0.502982,0.727212,0.198201,0.437379,1.482887,0.332551,0.965691,,,,,
sample,298,drone,7.446152,5.984962,-1.810664,1.159350,0.513819,0.763924,0.206427,0.430016,1.455554,0.325858,0.978694,,,,,
sample,299,drone,7.471139,5.997935,-1.791121,1.164610,0.524472,0.799952,0.214486,0.422653,1.428220,0.319165,0.990474,,,,,
sample,300,drone,7.496126,6.011172,-1.770687,1.170069,0.534941,0.835298,0.222377,0.415290,1.400887,0.312472,1.001186,,,,,
sample,301,drone,7.521113,6.024668,-1.749378,1.175723,0.545226,0.869960,0.230101,0.407927,1.373554,0.305779,1.010958,,,,,
sample,302,drone,7.546100,6.038419,-1.727211,1.181568,0.555326,0.903940,0.237658,0.400564,1.346221,0.299086,1.019899,,,,,
sample,303,drone,7.571087,6.052420,-1.704204,1.187600,0.565243,0.937237,0.245048,0.393201,1.318888,0.292393,1.028104,,,,,
sample,304,drone,7.596074,6.066667,-1.680374,1.193814,0.574976,0.969850,0.252270,0.385838,1.291555,0.285700,1.035650,,,,,
sample,305,drone,7.621061,6.081154,-1.655737,1.200207,0.584525,1.001781,0.259325,0.378475,1.264221,0.279007,1.042608,,,,,
sample,306,drone,7.646048,6.095878,-1.630311,1.206774,0.593890,1.033029,0.266213,0.371111,1.236888,0.272314,1.049036,,,,,
sample,307,drone,7.671035,6.110833,-1.604112,1.213511,0.603071,1.063593,0.272934,0.363748,1.209555,0.265621,1.054985,,,,,
sample,308,drone,7.696022,6.126016,-1.577158,1.220413,0.612068,1.093475,0.279488,0.356385,1.182222,0.258928,1.060501,,,,,
sample,309,drone,7.721009,6.141421,-1.549467,1.227478,0.620881,1.122674,0.285874,0.349022,1.154889,0.252235,1.065624,,,,,
sample,310,drone,7.745997,6.157044,-1.521054,1.234700,0.629510,1.151190,0.292093,0.341659,1.127555,0.245542,1.070387,,,,,
sample,311,drone,7.770984,6.172880,-1.491937,1.242075,0.637956,1.179023,0.298145,0.334296,1.100222,0.238849,1.074821,,,,,
sample,312,drone,7.795971,6.188925,-1.462133,1.249599,0.646217,1.206173,0.304029,0.326933,1.072889,0.232156,1.078953,,,,,
sample,313,drone,7.820958,6.205174,-1.431659,1.257268,0.654294,1.232639,0.309746,0.319570,1.045556,0.225463,1.082808,,,,,
sample,314,drone,7.845945,6.221623,-1.400533,1.265078,0.662187,1.258423,0.315296,0.312207,1.018223,0.218770,1.086406,,,,,
sample,315,drone,7.870932,6.238267,-1.368771,1.273025,0.669896,1.283524,0.320679,0.304844,0.990890,0.212077,1.089767,,,,,
sample,316,drone,7.895919,6.255100,-1.336390,1.281104,0.677421,1.307942,0.325895,0.297481,0.963556,0.205384,1.092909,,,,,
sample,317,drone,7.920906,6.272120,-1.303407,1.289311,0.684762,1.331677,0.330943,0.290117,0.936223,0.198691,1.095845,,,,,
sample,318,drone,7.945893,6.289321,-1.269840,1.297643,0.691920,1.354729,0.335824,0.282754,0.908890,0.191998,1.098591,,,,,
sample,319,drone,7.970880,6.306698,-1.235706,1.306094,0.698893,1.377098,0.340538,0.275391,0.881557,0.185305,1.101158,,,,,
sample,320,drone,7.995867,6.324247,-1.201021,1.314661,0.705682,1.398784,0.345085,0.268028,0.854224,0.178612,1.103558,,,,,
sample,321,drone,8.020855,6.341964,-1.165803,1.323339,0.712287,1.419787,0.349464,0.260665,0.826890,0.171919,1.105801,,,,,
sample,322,drone,8.045842,6.359843,-1.130068,1.332125,0.718709,1.440107,0.353676,0.253302,0.799557,0.165226,1.107896,,,,,
sample,323,drone,8.070829,6.377881,-1.093835,1.341014,0.724946,1.459745,0.357721,0.245939,0.772224,0.158533,1.109852,,,,,
sample,324,drone,8.095816,6.396072,-1.057119,1.350002,0.730999,1.478699,0.361599,0.238576,0.744891,0.151840,1.111677,,,,,
sample,325,drone,8.120803,6.414412,-1.019938,1.359084,0.736868,1.496970,0.365309,0.231213,0.717558,0.145147,1.113376,,,,,
sample,326,drone,8.145790,6.432896,-0.982309,1.368258,0.742554,1.514558,0.368852,0.223850,0.690225,0.138454,1.114957,,,,,
sample,327,drone,8.170777,6.451521,-0.944249,1.377518,0.748055,1.531463,0.372228,0.216487,0.662891,0.131761,1.116425,,,,,
sample,328,drone,8.195764,6.470280,-0.905775,1.386860,0.753373,1.547685,0.375437,0.209124,0.635558,0.125068,1.117786,,,,,
sample,329,drone,8.220751,6.489170,-0.866905,1.396280,0.758506,1.563225,0.378478,0.201760,0.608225,0.118375,1.119044,,,,,
sample,330,drone,8.245738,6.508186,-0.827654,1.405774,0.763455,1.578081,0.381353,0.194397,0.580892,0.111682,1.120203,,,,,
sample,331,drone,8.270725,6.527323,-0.788041,1.415337,0.768221,1.592254,0.384060,0.187034,0.553559,0.104989,1.121268,,,,,
sample,332,drone,8.295712,6.546577,-0.748083,1.424967,0.772802,1.605745,0.386599,0.179671,0.526225,0.098296,1.122242,,,,,
sample,333,drone,8.320700,6.565943,-0.707796,1.434657,0.777200,1.618552,0.388972,0.172308,0.498892,0.091603,1.123128,,,,,
sample,334,drone,8.345687,6.585417,-0.667197,1.444405,0.781413,1.630676,0.391177,0.164945,0.471559,0.084910,1.123930,,,,,
sample,335,drone,8.370674,6.604993,-0.626304,1.454206,0.785443,1.642118,0.393215,0.157582,0.444226,0.078216,1.124650,,,,,
sample,336,drone,8.395661,6.624668,-0.585134,1.464056,0.789288,1.652876,0.395086,0.150219,0.416893,0.071523,1.125291,,,,,
sample,337,drone,8.420648,6.644437,-0.543703,1.473950,0.792950,1.662952,0.396789,0.142856,0.389560,0.064830,1.125854,,,,,
sample,338,drone,8.445635,6.664295,-0.502029,1.483885,0.796427,1.672344,0.398326,0.135493,0.362226,0.058137,1.126342,,,,,
sample,339,drone,8.470622,6.684238,-0.460129,1.493856,0.799721,1.681054,0.399695,0.128130,0.334893,0.051444,1.126756,,,,,
sample,340,drone,8.495609,6.704261,-0.418020,1.503860,0.802830,1.689080,0.400897,0.120766,0.307560,0.044751,1.127098,,,,,
sample,341,drone,8.520596,6.724359,-0.375719,1.513891,0.805756,1.696424,0.401931,0.113403,0.280227,0.038058,1.127370,,,,,
sample,342,drone,8.545583,6.744528,-0.333242,1.523946,0.808498,1.703084,0.402799,0.106040,0.252894,0.031365,1.127572,,,,,
sample,343,drone,8.570570,6.764763,-0.290608,1.534020,0.811055,1.709062,0.403499,0.098677,0.225560,0.024672,1.127706,,,,,
sample,344,drone,8.595557,6.785060,-0.247833,1.544110,0.813429,1.714356,0.404031,0.091314,0.198227,0.017979,1.127772,,,,,
sample,345,drone,8.620545,6.805413,-0.204935,1.554211,0.815619,1.718968,0.404397,0.083951,0.170894,0.011286,1.127771,,,,,
sample,346,drone,8.645532,6.825820,-0.161929,1.564320,0.817624,1.722897,0.404596,0.076588,0.143561,0.004593,1.127704,,,,,
sample,347,drone,8.670519,6.846274,-0.118834,1.574431,0.819446,1.726142,0.404627,0.069225,0.116228,-0.002100,1.127571,,,,,
sample,348,drone,8.695506,6.866771,-0.075667,1.584541,0.821084,1.728705,0.404491,0.061862,0.088895,-0.008793,1.127372,,,,,
sample,349,drone,8.720493,6.887306,-0.032444,1.594645,0.822538,1.730585,0.404187,0.054499,0.061561,-0.015486,1.127108,,,,,
sample,350,drone,8.745480,6.907876,0.010818,1.604739,0.823807,1.731782,0.403717,0.047136,0.034228,-0.022179,1.126778,,,,,
sample,351,drone,8.770467,6.928476,0.054101,1.614820,0.824893,1.732295,0.403079,0.039773,0.006895,-0.028872,1.126382,,,,,
sample,352,drone,8.795454,6.949100,0.097388,1.624883,0.825795,1.732126,0.402274,0.032409,-0.020438,-0.035565,1.125919,,,,,
sample,353,drone,8.820441,6.969744,0.140662,1.634924,0.826513,1.731274,0.401302,0.025046,-0.047771,-0.042258,1.125390,,,,,
sample,354,drone,8.845428,6.990404,0.183907,1.644938,0.827047,1.729739,0.400162,0.017683,-0.075104,-0.048951,1.124794,,,,,
sample,355,drone,8.870415,7.011075,0.227104,1.654921,0.827397,1.727521,0.398855,0.010320,-0.102438,-0.055644,1.124130,,,,,
sample,356,drone,8.895403,7.031752,0.270238,1.664870,0.827562,1.724620,0.397381,0.002957,-0.129771,-0.062337,1.123397,,,,,
sample,357,drone,8.920390,7.052432,0.313291,1.674780,0.827544,1.721035,0.395740,-0.004406,-0.157104,-0.069030,1.122593,,,,,
sample,358,drone,8.945377,7.073108,0.356245,1.684647,0.827342,1.716768,0.393932,-0.011769,-0.184437,-0.075723,1.121718,,,,,
sample,359,drone,8.970364,7.093777,0.399085,1.694467,0.826956,1.711818,0.391956,-0.019132,-0.211770,-0.082416,1.120771,,,,,
sample,360,drone,8.995351,7.114435,0.441792,1.704235,0.826386,1.706185,0.389813,-0.026495,-0.239104,-0.089109,1.119749,,,,,
sample,361,drone,9.020338,7.135075,0.484350,1.713947,0.825632,1.699869,0.387503,-0.033858,-0.266437,-0.095802,1.118651,,,,,
sample,362,drone,9.045325,7.155695,0.526742,1.723600,0.824694,1.692870,0.385025,-0.041221,-0.293770,-0.102495,1.117476,,,,,
sample,363,drone,9.070312,7.176289,0.568950,1.733188,0.823572,1.685188,0.382381,-0.048585,-0.321103,-0.109188,1.116220,,,,,
sample,364,drone,9.095299,7.196852,0.610958,1.742709,0.822266,1.676824,0.379569,-0.055948,-0.348436,-0.115881,1.114881,,,,,
sample,365,drone,9.120286,7.217381,0.652748,1.752157,0.820776,1.667776,0.376590,-0.063311,-0.375769,-0.122574,1.113458,,,,,
sample,366,drone,9.145273,7.237870,0.694303,1.761529,0.819102,1.658045,0.373443,-0.070674,-0.403103,-0.129267,1.111947,,,,,
sample,367,drone,9.170260,7.258315,0.735607,1.770820,0.817244,1.647631,0.370130,-0.078037,-0.430436,-0.135960,1.110344,,,,,
sample,368,drone,9.195248,7.278711,0.776642,1.780026,0.815202,1.636534,0.366649,-0.085400,-0.457769,-0.142653,1.108648,,,,,
sample,369,drone,9.220235,7.299054,0.817392,1.789143,0.812976,1.624754,0.363001,-0.092763,-0.485102,-0.149346,1.106854,,,,,
sample,370,drone,9.245222,7.319339,0.857838,1.798166,0.810567,1.612292,0.359185,-0.100126,-0.512435,-0.156039,1.104958,,,,,
sample,371,drone,9.270209,7.339561,0.897965,1.807093,0.807973,1.599146,0.355203,-0.107489,-0.539769,-0.162732,1.102955,,,,,
sample,372,drone,9.295196,7.359717,0.937754,1.815917,0.805195,1.585317,0.351053,-0.114852,-0.567102,-0.169425,1.100843,,,,,
sample,373,drone,9.320183,7.379800,0.977189,1.824636,0.802233,1.570805,0.346736,-0.122215,-0.594435,-0.176118,1.098614,,,,,
sample,374,drone,9.345170,7.399808,1.016254,1.833245,0.799087,1.555611,0.342251,-0.129579,-0.621768,-0.182811,1.096264,,,,,
sample,375,drone,9.370157,7.419734,1.054930,1.841740,0.795757,1.539733,0.337600,-0.136942,-0.649101,-0.189504,1.093787,,,,,
sample,376,drone,9.395144,7.439575,1.093201,1.850116,0.792244,1.523172,0.332781,-0.144305,-0.676434,-0.196197,1.091177,,,,,
sample,377,drone,9.420131,7.459326,1.131049,1.858370,0.788546,1.505929,0.327795,-0.151668,-0.703768,-0.202890,1.088426,,,,,
sample,378,drone,9.445118,7.478982,1.168458,1.866498,0.784664,1.488002,0.322642,-0.159031,-0.731101,-0.209583,1.085527,,,,,
sample,379,drone,9.470105,7.498539,1.205411,1.874494,0.780599,1.469393,0.317321,-0.166394,-0.758434,-0.216276,1.082471,,,,,
sample,380,drone,9.495093,7.517992,1.241890,1.882355,0.776349,1.450100,0.311834,-0.173757,-0.785767,-0.222969,1.079250,,,,,
sample,381,drone,9.520080,7.537336,1.277878,1.890078,0.771915,1.430125,0.306179,-0.181120,-0.813100,-0.229662,1.075854,,,,,
sample,382,drone,9.545067,7.556567,1.313359,1.897656,0.767298,1.409466,0.300356,-0.188483,-0.840434,-0.236355,1.072271,,,,,
sample,383,drone,9.570054,7.575681,1.348315,1.905088,0.762496,1.388125,0.294367,-0.195846,-0.867767,-0.243049,1.068491,,,,,
sample,384,drone,9.595041,7.594672,1.382729,1.912367,0.757510,1.366100,0.288210,-0.203209,-0.895100,-0.249742,1.064500,,,,,
sample,385,drone,9.620028,7.613537,1.416585,1.919491,0.752341,1.343393,0.281886,-0.210572,-0.922433,-0.256435,1.060285,,,,,
sample,386,drone,9.645015,7.632270,1.449864,1.926454,0.746987,1.320002,0.275395,-0.217936,-0.949766,-0.263128,1.055829,,,,,
sample,387,drone,9.670002,7.650867,1.482551,1.933253,0.741450,1.295929,0.268737,-0.225299,-0.977099,-0.269821,1.051116,,,,,
sample,388,drone,9.694989,7.669323,1.514627,1.939884,0.735728,1.271173,0.261911,-0.232662,-1.004433,-0.276514,1.046127,,,,,
sample,389,drone,9.719976,7.687634,1.546077,1.946342,0.729822,1.245733,0.254918,-0.240025,-1.031766,-0.283207,1.040840,,,,,
sample,390,drone,9.744963,7.705796,1.576882,1.952623,0.723733,1.219611,0.247758,-0.247388,-1.059099,-0.289900,1.035234,,,,,
sample,391,drone,9.769951,7.723802,1.607026,1.958724,0.717459,1.192806,0.240431,-0.254751,-1.086432,-0.296593,1.029283,,,,,
sample,392,drone,9.794938,7.741650,1.636491,1.964639,0.711002,1.165317,0.232936,-0.262114,-1.113765,-0.303286,1.022957,,,,,
sample,393,drone,9.819925,7.759334,1.665262,1.970364,0.704361,1.137146,0.225274,-0.269477,-1.141099,-0.309979,1.016226,,,,,
sample,394,drone,9.844912,7.776850,1.693319,1.975897,0.697535,1.108292,0.217445,-0.276840,-1.168432,-0.316672,1.009055,,,,,
sample,395,drone,9.869899,7.794193,1.720648,1.981231,0.690526,1.078755,0.209449,-0.284203,-1.195765,-0.323365,1.001402,,,,,
sample,396,drone,9.894886,7.811358,1.747229,1.986364,0.683332,1.048535,0.201285,-0.291566,-1.223098,-0.330058,0.993225,,,,,
sample,397,drone,9.919873,7.828342,1.773047,1.991290,0.675955,1.017631,0.192954,-0.298930,-1.250431,-0.336751,0.984473,,,,,
sample,398,drone,9.944860,7.845139,1.798084,1.996006,0.668393,0.986045,0.184456,-0.306293,-1.277764,-0.343444,0.975089,,,,,
sample,399,drone,9.969847,7.861744,1.822324,2.000508,0.660648,0.953776,0.175791,-0.313656,-1.305098,-0.350137,0.965010,,,,,
sample,400,drone,9.994834,7.878154,1.845749,2.004791,0.652719,0.920824,0.166959,-0.321019,-1.332431,-0.356830,0.954161,,,,,
sample,401,drone,10.019821,7.894363,1.868341,2.008852,0.644605,0.887189,0.157959,-0.328382,-1.359764,-0.363523,0.942459,,,,,
sample,402,drone,10.044808,7.910368,1.890085,2.012685,0.636308,0.852871,0.148792,-0.335745,-1.387097,-0.370216,0.929810,,,,,
sample,403,drone,10.069796,7.926162,1.910963,2.016288,0.627827,0.817870,0.139458,-0.343108,-1.414430,-0.376909,0.916103,,,,,
sample,404,drone,10.094783,7.941743,1.930958,2.019655,0.619162,0.782186,0.129956,-0.350471,-1.441764,-0.383602,0.901212,,,,,
sample,405,drone,10.119770,7.957104,1.950052,2.022782,0.610312,0.745819,0.120287,-0.357834,-1.469097,-0.390295,0.884989,,,,,
sample,406,drone,10.144757,7.972243,1.968229,2.025666,0.601279,0.708769,0.110451,-0.365197,-1.496430,-0.396988,0.867265,,,,,
sample,407,drone,10.169744,7.987153,1.985472,2.028302,0.592062,0.671036,0.100448,-0.372560,-1.523763,-0.403681,0.847841,,,,,
sample,408,drone,10.194731,8.001830,2.001764,2.030686,0.582661,0.632620,0.090278,-0.379924,-1.551096,-0.410374,0.826485,,,,,
sample,409,drone,10.219718,8.016271,2.017087,2.032813,0.573076,0.593521,0.079940,-0.387287,-1.578429,-0.417067,0.802922,,,,,
sample,410,drone,10.244705,8.030469,2.031424,2.034681,0.563306,0.553740,0.069435,-0.394650,-1.605763,-0.423760,0.776834,,,,,
sample,411,drone,10.269692,8.044422,2.044760,2.036283,0.553353,0.513275,0.058763,-0.402013,-1.633096,-0.430453,0.747841,,,,,
sample,412,drone,10.294679,8.058123,2.057075,2.037617,0.543216,0.472127,0.047924,-0.409376,-1.660429,-0.437146,0.715497,,,,,
sample,413,drone,10.319666,8.071568,2.068354,2.038678,0.532895,0.430296,0.036917,-0.014447,-1.722973,-0.605330,0.679279,,,,,
sample,414,drone,10.344653,8.084754,2.078579,2.039462,0.542494,0.386023,0.017673,1.444754,-1.869081,-1.195706,0.618449,,,,,
sample,415,drone,10.369641,8.098679,2.087645,2.039561,0.605095,0.336890,-0.022837,3.143987,-2.010001,-1.868672,0.508015,,,,,
sample,416,drone,10.394628,8.114993,2.095414,2.038321,0.699612,0.285575,-0.075712,3.728497,-2.029669,-2.081709,0.387547,,,,,
sample,417,drone,10.419615,8.133642,2.101916,2.035778,0.791424,0.235459,-0.126869,3.609109,-1.980594,-2.008434,0.289174,,,,,
sample,418,drone,10.444602,8.154544,2.107181,2.031981,0.879975,0.186596,-0.176082,3.478594,-1.930490,-1.930663,0.208952,,,,,
sample,419,drone,10.469589,8.177618,2.111241,2.026978,0.965264,0.138985,-0.223352,3.348079,-1.880386,-1.852892,0.143004,,,,,
sample,420,drone,10.494576,8.202782,2.114127,2.020819,1.047292,0.092625,-0.268679,3.217563,-1.830281,-1.775120,0.088213,,,,,
sample,421,drone,10.519563,8.229955,2.115870,2.013551,1.126059,0.047518,-0.312062,3.087048,-1.780177,-1.697349,0.042174,,,,,
sample,422,drone,10.544550,8.259056,2.116502,2.005224,1.201565,0.003663,-0.353503,2.956533,-1.730072,-1.619578,0.003048,,,,,
sample,423,drone,10.569537,8.290002,2.116053,1.995885,1.273809,-0.038941,-0.393000,2.826018,-1.679968,-1.541806,-0.030561,,,,,
sample,424,drone,10.594524,8.322713,2.114556,1.985584,1.342793,-0.080292,-0.430553,2.695502,-1.629864,-1.464035,-0.059724,,,,,
sample,425,drone,10.619511,8.357107,2.112041,1.974369,1.408515,-0.120392,-0.466163,2.564987,-1.579759,-1.386264,-0.085267,,,,,
sample,426,drone,10.644499,8.393103,2.108539,1.962288,1.470976,-0.159240,-0.499831,2.434472,-1.529655,-1.308492,-0.107834,,,,,
sample,427,drone,10.669486,8.430618,2.104083,1.949390,1.530175,-0.196835,-0.531554,2.303957,-1.479550,-1.230721,-0.127933,,,,,
sample,428,drone,10.694473,8.469572,2.098702,1.935724,1.586114,-0.233179,-0.561335,2.173442,-1.429446,-1.152950,-0.145967,,,,,
sample,429,drone,10.719460,8.509883,2.092430,1.921338,1.638791,-0.268271,-0.589172,2.042926,-1.379342,-1.075178,-0.162261,,,,,
sample,430,drone,10.744447,8.551469,2.085296,1.906280,1.688208,-0.302110,-0.615066,1.912411,-1.329237,-0.997407,-0.177079,,,,,
sample,431,drone,10.769434,8.594250,2.077332,1.890600,1.734363,-0.334698,-0.639017,1.781896,-1.279133,-0.919636,-0.190637,,,,,
sample,432,drone,10.794421,8.638143,2.068570,1.874346,1.777256,-0.366034,-0.661024,1.651381,-1.229028,-0.841864,-0.203114,,,,,
sample,433,drone,10.819408,8.683067,2.059040,1.857566,1.816889,-0.396118,-0.681088,1.520865,-1.178924,-0.764093,-0.214661,,,,,
sample,434,drone,10.844395,8.728940,2.048774,1.840309,1.853260,-0.424950,-0.699209,1.390350,-1.128820,-0.686322,-0.225402,,,,,
sample,435,drone,10.869382,8.775682,2.037803,1.822624,1.886371,-0.452530,-0.715386,1.259835,-1.078715,-0.608550,-0.235445,,,,,
sample,436,drone,10.894369,8.823210,2.026159,1.804559,1.916220,-0.478858,-0.729621,1.129320,-1.028611,-0.530779,-0.244882,,,,,
sample,437,drone,10.919356,8.871443,2.013873,1.786162,1.942807,-0.503934,-0.741912,0.998804,-0.978506,-0.453008,-0.253791,,,,,
sample,438,drone,10.944344,8.920300,2.000975,1.767482,1.966134,-0.527758,-0.752259,0.868289,-0.928402,-0.375236,-0.262242,,,,,
sample,439,drone,10.969331,8.969699,1.987499,1.748568,1.986199,-0.550330,-0.760664,0.737774,-0.878298,-0.297465,-0.270296,,,,,
sample,440,drone,10.994318,9.019559,1.973473,1.729469,2.003004,-0.571650,-0.767125,0.607259,-0.828193,-0.219694,-0.278006,,,,,
sample,441,drone,11.019305,9.069798,1.958931,1.710232,2.016547,-0.591718,-0.771643,0.476744,-0.778089,-0.141922,-0.285420,,,,,
sample,442,drone,11.044292,9.120334,1.943903,1.690906,2.026828,-0.610534,-0.774217,0.346228,-0.727984,-0.064151,-0.292582,,,,,
sample,443,drone,11.069279,9.171087,1.928420,1.671541,2.033849,-0.628098,-0.774849,0.215713,-0.677880,0.013620,-0.299531,,,,,
sample,444,drone,11.094266,9.221974,1.912514,1.652184,2.037609,-0.644411,-0.773537,0.085198,-0.627776,0.091392,-0.306305,,,,,
sample,445,drone,11.119253,9.272914,1.896216,1.632884,2.038107,-0.659471,-0.770281,-0.045317,-0.577671,0.169163,-0.312938,,,,,
sample,446,drone,11.144240,9.323827,1.879557,1.613690,2.035344,-0.673279,-0.765083,-0.175833,-0.527567,0.246934,-0.319463,,,,,
sample,447,drone,11.169227,9.374629,1.862569,1.594650,2.029320,-0.685836,-0.757941,-0.306348,-0.477462,0.324706,-0.325912,,,,,
sample,448,drone,11.194214,9.425240,1.845283,1.575812,2.020034,-0.697140,-0.748856,-0.436863,-0.427358,0.402477,-0.332315,,,,,
sample,449,drone,11.219201,9.475579,1.827730,1.557226,2.007488,-0.707193,-0.737828,-0.567378,-0.377254,0.480248,-0.338702,,,,,
sample,450,drone,11.244189,9.525563,1.809942,1.538940,1.991680,-0.715993,-0.724856,-0.697894,-0.327149,0.558020,-0.345106,,,,,
sample,451,drone,11.269176,9.575111,1.791949,1.521002,1.972611,-0.723542,-0.709941,-0.828409,-0.277045,0.635791,-0.351557,,,,,
sample,452,drone,11.294163,9.624142,1.773784,1.503461,1.950281,-0.729838,-0.693083,-0.958924,-0.226940,0.713562,-0.358088,,,,,
sample,453,drone,11.319150,9.672575,1.755476,1.486366,1.924690,-0.734883,-0.674281,-1.089439,-0.176836,0.791334,-0.364735,,,,,
sample,454,drone,11.344137,9.720327,1.737058,1.469765,1.895837,-0.738675,-0.653537,-1.219954,-0.126732,0.869105,-0.371535,,,,,
sample,455,drone,11.369124,9.767318,1.718561,1.453706,1.863724,-0.741216,-0.630849,-1.350470,-0.076627,0.946876,-0.378528,,,,,
sample,456,drone,11.394111,9.813465,1.700017,1.438238,1.828349,-0.742505,-0.606217,-1.480985,-0.026523,1.024648,-0.385760,,,,,
sample,457,drone,11.419098,9.858688,1.681455,1.423411,1.789713,-0.742542,-0.579643,-1.611500,0.023582,1.102419,-0.393280,,,,,
sample,458,drone,11.444085,9.902905,1.662909,1.409271,1.747815,-0.741326,-0.551125,-1.742015,0.073686,1.180190,-0.401146,,,,,
sample,459,drone,11.469072,9.946034,1.644408,1.395869,1.702657,-0.738859,-0.520664,-1.872531,0.123790,1.257962,-0.409423,,,,,
sample,460,drone,11.494059,9.987993,1.625985,1.383252,1.654237,-0.735140,-0.488259,-2.003046,0.173895,1.335733,-0.418186,,,,,
sample,461,drone,11.519047,10.028703,1.607670,1.371468,1.602556,-0.730169,-0.453912,-2.133561,0.223999,1.413504,-0.427524,,,,,
sample,462,drone,11.544034,10.068080,1.589495,1.360568,1.547614,-0.723946,-0.417621,-2.264076,0.274104,1.491276,-0.437543,,,,,
sample,463,drone,11.569021,10.106043,1.571492,1.350598,1.489411,-0.716471,-0.379386,-2.394592,0.324208,1.569047,-0.448367,,,,,
sample,464,drone,11.594008,10.142512,1.553690,1.341608,1.427946,-0.707744,-0.339209,-2.525107,0.374312,1.646818,-0.460152,,,,,
sample,465,drone,11.618995,10.177404,1.536123,1.333646,1.363221,-0.697765,-0.297088,-2.655622,0.424417,1.724590,-0.473083,,,,,
sample,466,drone,11.643982,10.210638,1.518820,1.326761,1.295234,-0.686534,-0.253024,-2.786137,0.474521,1.802361,-0.487395,,,,,
sample,467,drone,11.668969,10.242132,1.501814,1.321002,1.223986,-0.674051,-0.207016,-2.916652,0.524626,1.880132,-0.503382,,,,,
sample,468,drone,11.693956,10.271805,1.485135,1.316416,1.149477,-0.660316,-0.159066,-3.047168,0.574730,1.957904,-0.521420,,,,,
sample,469,drone,11.718943,10.299576,1.468815,1.313053,1.071706,-0.645329,-0.109172,-3.177683,0.624834,2.035675,-0.542000,,,,,
sample,470,drone,11.743930,10.325363,1.452885,1.310960,0.990675,-0.629091,-0.057335,-3.308198,0.674939,2.113446,-0.565767,,,,,
sample,471,drone,11.768917,10.349084,1.437377,1.310187,0.906382,-0.611600,-0.003554,-3.438713,0.725043,2.191218,-0.593592,,,,,
sample,472,drone,11.793904,10.370659,1.422321,1.310783,0.818828,-0.592857,0.052170,-3.569229,0.775148,2.268989,-0.626673,,,,,
sample,473,drone,11.818892,10.390005,1.407749,1.312794,0.728012,-0.572862,0.109837,-3.314299,0.491152,2.332404,-0.666693,,,,,
sample,474,drone,11.843879,10.407041,1.393693,1.316272,0.653198,-0.568312,0.168730,-1.929484,-0.754120,2.335454,-0.716017,,,,,
sample,475,drone,11.868866,10.422648,1.379348,1.321227,0.631588,-0.610549,0.226549,-0.140149,-2.299515,2.272409,-0.768462,,,,,
sample,476,drone,11.893853,10.438604,1.363181,1.327593,0.646194,-0.683229,0.282292,0.593263,-2.882745,2.201315,-0.813248,,,,,
sample,477,drone,11.918840,10.454941,1.345205,1.335334,0.661236,-0.754612,0.336558,0.593589,-2.815890,2.142725,-0.851253,,,,,
sample,478,drone,11.943827,10.471648,1.325470,1.344412,0.675859,-0.823950,0.389372,0.576829,-2.734061,2.084604,-0.883820,,,,,
sample,479,drone,11.968814,10.488716,1.304028,1.354792,0.690062,-0.891244,0.440734,0.560070,-2.652231,2.026483,-0.911943,,,,,
sample,480,drone,11.993801,10.506134,1.280931,1.366438,0.703848,-0.956493,0.490644,0.543310,-2.570402,1.968362,-0.936405,,,,,
sample,481,drone,12.018788,10.523890,1.256228,1.379312,0.717214,-1.019698,0.539102,0.526550,-2.488573,1.910241,-0.957819,,,,,
sample,482,drone,12.043775,10.541976,1.229972,1.393379,0.730161,-1.080858,0.586107,0.509790,-2.406743,1.852120,-0.976677,,,,,
sample,483,drone,12.068762,10.560380,1.202213,1.408602,0.742690,-1.139973,0.631660,0.493031,-2.324914,1.793999,-0.993369,,,,,
sample,484,drone,12.093749,10.579091,1.173003,1.424946,0.754800,-1.197043,0.675761,0.476271,-2.243085,1.735879,-1.008213,,,,,
sample,485,drone,12.118737,10.598100,1.142392,1.442373,0.766492,-1.252069,0.718409,0.459511,-2.161255,1.677758,-1.021469,,,,,
sample,486,drone,12.143724,10.617396,1.110432,1.460847,0.777764,-1.305050,0.759605,0.442752,-2.079426,1.619637,-1.033349,,,,,
sample,487,drone,12.168711,10.636968,1.077173,1.480333,0.788618,-1.355987,0.799349,0.425992,-1.997596,1.561516,-1.044029,,,,,
sample,488,drone,12.193698,10.656806,1.042668,1.500794,0.799053,-1.404879,0.837641,0.409232,-1.915767,1.503395,-1.053657,,,,,
sample,489,drone,12.218685,10.676900,1.006966,1.522194,0.809069,-1.451726,0.874480,0.392473,-1.833938,1.445274,-1.062354,,,,,
sample,490,drone,12.243672,10.697239,0.970119,1.544496,0.818666,-1.496528,0.909867,0.375713,-1.752108,1.387153,-1.070226,,,,,
sample,491,drone,12.268659,10.717812,0.932178,1.567664,0.827845,-1.539286,0.943802,0.358953,-1.670279,1.329032,-1.077359,,,,,
sample,492,drone,12.293646,10.738610,0.893194,1.591661,0.836604,-1.579999,0.976284,0.342194,-1.588450,1.270912,-1.083831,,,,,
sample,493,drone,12.318633,10.759621,0.853219,1.616453,0.844946,-1.618667,1.007314,0.325434,-1.506620,1.212791,-1.089703,,,,,
sample,494,drone,12.343620,10.780835,0.812303,1.642001,0.852868,-1.655291,1.036892,0.308674,-1.424791,1.154670,-1.095033,,,,,
sample,495,drone,12.368607,10.802242,0.770497,1.668270,0.860371,-1.689870,1.065018,0.291915,-1.342962,1.096549,-1.099868,,,,,
sample,496,drone,12.393595,10.823832,0.727853,1.695224,0.867456,-1.722404,1.091692,0.275155,-1.261132,1.038428,-1.104248,,,,,
sample,497,drone,12.418582,10.845593,0.684421,1.722827,0.874122,-1.752894,1.116913,0.258395,-1.179303,0.980307,-1.108210,,,,,
sample,498,drone,12.443569,10.867515,0.640253,1.751041,0.880369,-1.781339,1.140682,0.241636,-1.097474,0.922186,-1.111785,,,,,
sample,499,drone,12.468556,10.889588,0.595400,1.779831,0.886197,-1.807739,1.162998,0.224876,-1.015644,0.864066,-1.115000,,,,,
sample,500,drone,12.493543,10.911802,0.549913,1.809161,0.891607,-1.832095,1.183863,0.208116,-0.933815,0.805945,-1.117878,,,,,
sample,501,drone,12.518530,10.934146,0.503843,1.838994,0.896598,-1.854406,1.203275,0.191357,-0.851986,0.747824,-1.120439,,,,,
sample,502,drone,12.543517,10.956609,0.457241,1.869294,0.901170,-1.874672,1.221234,0.174597,-0.770156,0.689703,-1.122701,,,,,
sample,503,drone,12.568504,10.979181,0.410158,1.900024,0.905323,-1.892894,1.237742,0.157837,-0.688327,0.631582,-1.124680,,,,,
sample,504,drone,12.593491,11.001852,0.362645,1.931149,0.909058,-1.909071,1.252797,0.141078,-0.606498,0.573461,-1.126387,,,,,
sample,505,drone,12.618478,11.024610,0.314753,1.962632,0.912373,-1.923203,1.266400,0.124318,-0.524668,0.515340,-1.127835,,,,,
sample,506,drone,12.643465,11.047447,0.266534,1.994436,0.915270,-1.935291,1.278551,0.107558,-0.442839,0.457219,-1.129033,,,,,
sample,507,drone,12.668452,11.070350,0.218039,2.026526,0.917749,-1.945334,1.289249,0.090799,-0.361010,0.399099,-1.129987,,,,,
sample,508,drone,12.693440,11.093310,0.169318,2.058865,0.919808,-1.953332,1.298496,0.074039,-0.279180,0.340978,-1.130705,,,,,
sample,509,drone,12.718427,11.116317,0.120423,2.091417,0.921449,-1.959285,1.306289,0.057279,-0.197351,0.282857,-1.131191,,,,,
sample,510,drone,12.743414,11.139359,0.071404,2.124146,0.922671,-1.963194,1.312631,0.040520,-0.115522,0.224736,-1.131448,,,,,
sample,511,drone,12.768401,11.162427,0.022314,2.157015,0.923474,-1.965059,1.317520,0.023760,-0.033692,0.166615,-1.131479,,,,,
sample,512,drone,12.793388,11.185509,-0.026798,2.189988,0.923858,-1.964878,1.320958,0.007000,0.048137,0.108494,-1.131283,,,,,
sample,513,drone,12.818375,11.208596,-0.075879,2.223029,0.923823,-1.962653,1.322942,-0.009759,0.129966,0.050373,-1.130861,,,,,
sample,514,drone,12.843362,11.231676,-0.124880,2.256101,0.923370,-1.958383,1.323475,-0.026519,0.211796,-0.007747,-1.130211,,,,,
sample,515,drone,12.868349,11.254740,-0.173748,2.289168,0.922498,-1.952069,1.322555,-0.043279,0.293625,-0.065868,-1.129329,,,,,
sample,516,drone,12.893336,11.277777,-0.222433,2.322195,0.921207,-1.943709,1.320183,-0.060038,0.375455,-0.123989,-1.128211,,,,,
sample,517,drone,12.918323,11.300777,-0.270883,2.355144,0.919498,-1.933306,1.316359,-0.076798,0.457284,-0.182110,-1.126851,,,,,
sample,518,drone,12.943310,11.323728,-0.319048,2.387979,0.917369,-1.920857,1.311082,-0.093558,0.539113,-0.240231,-1.125242,,,,,
sample,519,drone,12.968297,11.346622,-0.366877,2.420664,0.914822,-1.906364,1.304354,-0.110318,0.620943,-0.298352,-1.123375,,,,,
sample,520,drone,12.993285,11.369446,-0.414317,2.453163,0.911856,-1.889826,1.296173,-0.127077,0.702772,-0.356473,-1.121240,,,,,
sample,521,drone,13.018272,11.392191,-0.461319,2.485439,0.908472,-1.871243,1.286539,-0.143837,0.784601,-0.414594,-1.118823,,,,,
sample,522,drone,13.043259,11.414846,-0.507831,2.517456,0.904668,-1.850616,1.275454,-0.160597,0.866431,-0.472714,-1.116111,,,,,
sample,523,drone,13.068246,11.437401,-0.553802,2.549179,0.900446,-1.827944,1.262916,-0.177356,0.948260,-0.530835,-1.113086,,,,,
sample,524,drone,13.093233,11.459845,-0.599181,2.580570,0.895805,-1.803228,1.248926,-0.194116,1.030089,-0.588956,-1.109729,,,,,
sample,525,drone,13.118220,11.482168,-0.643917,2.611593,0.890745,-1.776466,1.233483,-0.210876,1.111919,-0.647077,-1.106018,,,,,
sample,526,drone,13.143207,11.504359,-0.687958,2.642212,0.885267,-1.747660,1.216588,-0.227635,1.193748,-0.705198,-1.101927,,,,,
sample,527,drone,13.168194,11.526409,-0.731255,2.672391,0.879369,-1.716810,1.198241,-0.244395,1.275577,-0.763319,-1.097427,,,,,
sample,528,drone,13.193181,11.548305,-0.773755,2.702093,0.873053,-1.683915,1.178442,-0.261155,1.357407,-0.821440,-1.092485,,,,,
sample,529,drone,13.218168,11.570039,-0.815407,2.731282,0.866318,-1.648975,1.157191,-0.277914,1.439236,-0.879560,-1.087061,,,,,
sample,530,drone,13.243155,11.591599,-0.856161,2.759923,0.859165,-1.611990,1.134487,-0.294674,1.521065,-0.937681,-1.081111,,,,,
sample,531,drone,13.268143,11.612975,-0.895965,2.787977,0.851592,-1.572961,1.110331,-0.311434,1.602895,-0.995802,-1.074584,,,,,
sample,532,drone,13.293130,11.634156,-0.934768,2.815410,0.843601,-1.531887,1.084722,-0.328193,1.684724,-1.053923,-1.067420,,,,,
sample,533,drone,13.318117,11.655133,-0.972520,2.842185,0.835191,-1.488768,1.057662,-0.344953,1.766553,-1.112044,-1.059551,,,,,
sample,534,drone,13.343104,11.675894,-1.009168,2.868266,0.826362,-1.443605,1.029149,-0.361713,1.848383,-1.170165,-1.050896,,,,,
sample,535,drone,13.368091,11.696430,-1.044663,2.893616,0.817115,-1.396397,0.999184,-0.378472,1.930212,-1.228286,-1.041360,,,,,
sample,536,drone,13.393078,11.716729,-1.078952,2.918200,0.807449,-1.347144,0.967766,-0.395232,2.012041,-1.286407,-1.030834,,,,,
sample,537,drone,13.418065,11.736781,-1.111985,2.941980,0.797363,-1.295846,0.934897,-0.411992,2.093871,-1.344527,-1.019186,,,,,
sample,538,drone,13.443052,11.756576,-1.143711,2.964920,0.786860,-1.242504,0.900575,-0.428751,2.175700,-1.402648,-1.006261,,,,,
sample,539,drone,13.468039,11.776104,-1.174078,2.986985,0.775937,-1.187118,0.864801,-0.445511,2.257529,-1.460769,-0.991873,,,,,
sample,540,drone,13.493026,11.795353,-1.203036,3.008138,0.764596,-1.129686,0.827574,-0.462271,2.339359,-1.518890,-0.975797,,,,,
sample,541,drone,13.518013,11.814314,-1.230533,3.028342,0.752835,-1.070210,0.788895,-0.479030,2.421188,-1.577011,-0.957761,,,,,
sample,542,drone,13.543000,11.832976,-1.256519,3.047562,0.740656,-1.008689,0.748764,-0.495790,2.503017,-1.635132,-0.937435,,,,,
sample,543,drone,13.567988,11.851328,-1.280942,3.065761,0.728059,-0.945124,0.707181,-0.512550,2.584847,-1.693253,-0.914410,,,,,
sample,544,drone,13.592975,11.869360,-1.303751,3.082903,0.715042,-0.879514,0.664145,-0.529309,2.666676,-1.751373,-0.888180,,,,,
sample,545,drone,13.617962,11.887061,-1.324895,3.098951,0.701607,-0.811859,0.619658,-0.546069,2.748506,-1.809494,-0.858117,,,,,
sample,546,drone,13.642949,11.904422,-1.344323,3.113870,0.687753,-0.742159,0.573717,-0.562829,2.830335,-1.867615,-0.823429,,,,,
sample,547,drone,13.667936,11.921431,-1.361983,3.127623,0.673480,-0.670415,0.526325,-0.579588,2.912164,-1.925736,-0.783118,,,,,
sample,548,drone,13.692923,11.938079,-1.377826,3.140173,0.658788,-0.596626,0.477480,-0.596348,2.993994,-1.983857,-0.735924,,,,,
sample,549,drone,13.717910,11.954354,-1.391799,3.151484,0.643678,-0.520793,0.427183,-0.613108,3.075823,-2.041978,-0.680259,,,,,
sample,550,drone,13.742897,11.970246,-1.403852,3.161521,0.628149,-0.442915,0.375434,-0.629867,3.157652,-2.100099,-0.614148,,,,,
sample,551,drone,13.767884,11.985745,-1.413934,3.170246,0.612201,-0.362992,0.322233,-0.646627,3.239482,-2.158220,-0.535204,,,,,
sample,552,drone,13.792871,12.000840,-1.421992,3.177624,0.595834,-0.281024,0.267579,-0.663387,3.321311,-2.216340,-0.440710,,,,,
sample,553,drone,13.817858,12.015521,-1.427978,3.183618,0.579049,-0.197012,0.211473,-0.680146,3.403140,-2.274461,-0.327948,,,,,
sample,554,drone,13.842845,12.029778,-1.431838,3.188192,0.561844,-0.110955,0.153915,-0.536834,3.465170,-2.282515,-0.194975,,,,,
sample,555,drone,13.867833,12.043599,-1.433522,3.191310,0.552221,-0.023843,0.097406,0.186086,3.435978,-2.096672,-0.043150,,,,,
sample,556,drone,13.892820,12.057374,-1.433029,3.193060,0.571144,0.060755,0.049135,1.185051,3.314329,-1.786842,0.105976,,,,,
sample,557,drone,13.917807,12.072141,-1.430486,3.193766,0.611443,0.141788,0.008110,1.615011,3.204541,-1.617202,0.227863,,,,,
sample,558,drone,13.942794,12.087931,-1.425944,3.193465,0.651853,0.220899,-0.031683,1.596903,3.129949,-1.574651,0.326733,,,,,
sample,559,drone,13.967781,12.104717,-1.419447,3.192182,0.691247,0.298204,-0.070582,1.556240,3.057660,-1.538841,0.407280,,,,,
sample,560,drone,13.992768,12.122475,-1.411041,3.189938,0.729625,0.373703,-0.108585,1.515576,2.985372,-1.503030,0.473348,,,,,
sample,561,drone,14.017755,12.141179,-1.400772,3.186756,0.766986,0.447396,-0.145694,1.474913,2.913083,-1.467220,0.528062,,,,,
sample,562,drone,14.042742,12.160805,-1.388683,3.182657,0.803332,0.519282,-0.181909,1.434249,2.840795,-1.431409,0.573848,,,,,
sample,563,drone,14.067729,12.181325,-1.374821,3.177665,0.838662,0.589362,-0.217228,1.393585,2.768506,-1.395599,0.612563,,,,,
sample,564,drone,14.092716,12.202716,-1.359230,3.171801,0.872975,0.657636,-0.251652,1.352922,2.696218,-1.359788,0.645627,,,,,
sample,565,drone,14.117703,12.224952,-1.341956,3.165089,0.906273,0.724103,-0.285182,1.312258,2.623929,-1.323978,0.674125,,,,,
sample,566,drone,14.142691,12.248006,-1.323044,3.157550,0.938554,0.788765,-0.317817,1.271595,2.551641,-1.288168,0.698896,,,,,
sample,567,drone,14.167678,12.271855,-1.302538,3.149206,0.969820,0.851619,-0.349557,1.230931,2.479352,-1.252357,0.720595,,,,,
sample,568,drone,14.192665,12.296472,-1.280485,3.140081,1.000069,0.912668,-0.380403,1.190267,2.407064,-1.216547,0.739736,,,,,
sample,569,drone,14.217652,12.321833,-1.256928,3.130196,1.029302,0.971911,-0.410353,1.149604,2.334775,-1.180736,0.756727,,,,,
sample,570,drone,14.242639,12.347911,-1.231914,3.119574,1.057520,1.029347,-0.439409,1.108940,2.262487,-1.144926,0.771899,,,,,
sample,571,drone,14.267626,12.374681,-1.205488,3.108237,1.084721,1.084976,-0.467570,1.068277,2.190198,-1.109115,0.785516,,,,,
sample,572,drone,14.292613,12.402119,-1.177693,3.096207,1.110906,1.138800,-0.494836,1.027613,2.117910,-1.073305,0.797797,,,,,
sample,573,drone,14.317600,12.430198,-1.148577,3.083508,1.136075,1.190817,-0.521207,0.986950,2.045621,-1.037495,0.808920,,,,,
sample,574,drone,14.342587,12.458893,-1.118183,3.070160,1.160228,1.241028,-0.546684,0.946286,1.973333,-1.001684,0.819035,,,,,
sample,575,drone,14.367574,12.488179,-1.086558,3.056188,1.183365,1.289433,-0.571266,0.905622,1.901044,-0.965874,0.828266,,,,,
sample,576,drone,14.392561,12.518031,-1.053745,3.041612,1.205486,1.336031,-0.594953,0.864959,1.828756,-0.930063,0.836718,,,,,
sample,577,drone,14.417548,12.548422,-1.019791,3.026455,1.226590,1.380823,-0.617745,0.824295,1.756467,-0.894253,0.844481,,,,,
sample,578,drone,14.442536,12.579329,-0.984740,3.010741,1.246679,1.423809,-0.639642,0.783632,1.684179,-0.858442,0.851630,,,,,
sample,579,drone,14.467523,12.610724,-0.948637,2.994490,1.265752,1.464989,-0.660645,0.742968,1.611890,-0.822632,0.858230,,,,,
sample,580,drone,14.492510,12.642584,-0.911528,2.977725,1.283808,1.504362,-0.680753,0.702304,1.539602,-0.786822,0.864337,,,,,
sample,581,drone,14.517497,12.674881,-0.873458,2.960470,1.300849,1.541929,-0.699966,0.661641,1.467314,-0.751011,0.870000,,,,,
sample,582,drone,14.542484,12.707592,-0.834471,2.942745,1.316873,1.577690,-0.718284,0.620977,1.395025,-0.715201,0.875261,,,,,
sample,583,drone,14.567471,12.740691,-0.794614,2.924574,1.331882,1.611644,-0.735707,0.580314,1.322737,-0.679390,0.880157,,,,,
sample,584,drone,14.592458,12.774152,-0.753931,2.905979,1.345874,1.643793,-0.752236,0.539650,1.250448,-0.643580,0.884720,,,,,
sample,585,drone,14.617445,12.807950,-0.712467,2.886982,1.358850,1.674135,-0.767870,0.498987,1.178160,-0.607770,0.888978,,,,,
sample,586,drone,14.642432,12.842060,-0.670267,2.867605,1.370810,1.702670,-0.782609,0.458323,1.105871,-0.571959,0.892957,,,,,
sample,587,drone,14.667419,12.876455,-0.627377,2.847872,1.381754,1.729400,-0.796453,0.417659,1.033583,-0.536149,0.896678,,,,,
sample,588,drone,14.692406,12.911112,-0.583842,2.827803,1.391682,1.754323,-0.809402,0.376996,0.961294,-0.500338,0.900162,,,,,
sample,589,drone,14.717393,12.946003,-0.539706,2.807422,1.400594,1.777439,-0.821457,0.336332,0.889006,-0.464528,0.903425,,,,,
sample,590,drone,14.742381,12.981105,-0.495016,2.786752,1.408490,1.798750,-0.832617,0.295669,0.816717,-0.428717,0.906484,,,,,
sample,591,drone,14.767368,13.016391,-0.449815,2.765813,1.415370,1.818254,-0.842882,0.255005,0.744429,-0.392907,0.909351,,,,,
sample,592,drone,14.792355,13.051837,-0.404150,2.744629,1.421234,1.835952,-0.852252,0.214341,0.672140,-0.357097,0.912041,,,,,
sample,593,drone,14.817342,13.087416,-0.358065,2.723222,1.426082,1.851844,-0.860727,0.173678,0.599852,-0.321286,0.914563,,,,,
sample,594,drone,14.842329,13.123104,-0.311606,2.701615,1.429913,1.865929,-0.868308,0.133014,0.527563,-0.285476,0.916927,,,,,
sample,595,drone,14.867316,13.158875,-0.264817,2.679829,1.432729,1.878208,-0.874994,0.092351,0.455275,-0.249665,0.919143,,,,,
sample,596,drone,14.892303,13.194704,-0.217744,2.657888,1.434529,1.888681,-0.880785,0.051687,0.382986,-0.213855,0.921218,,,,,
sample,597,drone,14.917290,13.230565,-0.170432,2.635813,1.435312,1.897348,-0.885681,0.011024,0.310698,-0.178044,0.923159,,,,,
sample,598,drone,14.942277,13.266432,-0.122925,2.613627,1.435080,1.904208,-0.889682,-0.029640,0.238409,-0.142234,0.924972,,,,,
sample,599,drone,14.967264,13.302281,-0.075270,2.591352,1.433831,1.909262,-0.892789,-0.070304,0.166121,-0.106424,0.926664,,,,,
sample,600,drone,14.992251,13.338087,-0.027512,2.569010,1.431566,1.912510,-0.895001,-0.110967,0.093832,-0.070613,0.928238,,,,,
sample,601,drone,15.017239,13.373823,0.020306,2.546625,1.428285,1.913951,-0.896318,-0.151631,0.021544,-0.034803,0.929700,,,,,
sample,602,drone,15.042226,13.409464,0.068136,2.524218,1.423989,1.913586,-0.896740,-0.192294,-0.050745,0.001008,0.931052,,,,,
sample,603,drone,15.067213,13.444985,0.115936,2.501811,1.418676,1.911415,-0.896267,-0.232958,-0.123033,0.036818,0.932298,,,,,
sample,604,drone,15.092200,13.480361,0.163658,2.479428,1.412347,1.907438,-0.894900,-0.273622,-0.195321,0.072629,0.933441,,,,,
sample,605,drone,15.117187,13.515566,0.211258,2.457089,1.405002,1.901654,-0.892638,-0.314285,-0.267610,0.108439,0.934482,,,,,
sample,606,drone,15.142174,13.550575,0.258691,2.434819,1.396641,1.894064,-0.889481,-0.354949,-0.339898,0.144249,0.935423,,,,,
sample,607,drone,15.167161,13.585362,0.305913,2.412638,1.387263,1.884668,-0.885429,-0.395612,-0.412187,0.180060,0.936265,,,,,
sample,608,drone,15.192148,13.619902,0.352876,2.390570,1.376870,1.873466,-0.880482,-0.436276,-0.484475,0.215870,0.937009,,,,,
sample,609,drone,15.217135,13.654170,0.399537,2.368637,1.365461,1.860457,-0.874641,-0.476939,-0.556764,0.251681,0.937654,,,,,
sample,610,drone,15.242122,13.688140,0.445851,2.346861,1.353035,1.845642,-0.867905,-0.517603,-0.629052,0.287491,0.938201,,,,,
sample,611,drone,15.267109,13.721787,0.491772,2.325264,1.339594,1.829021,-0.860274,-0.558267,-0.701341,0.323302,0.938648,,,,,
sample,612,drone,15.292096,13.755085,0.537255,2.303869,1.325137,1.810593,-0.851748,-0.598930,-0.773629,0.359112,0.938993,,,,,
sample,613,drone,15.317084,13.788010,0.582255,2.282699,1.309663,1.790359,-0.842328,-0.639594,-0.845918,0.394922,0.939235,,,,,
sample,614,drone,15.342071,13.820535,0.626727,2.261775,1.293173,1.768319,-0.832012,-0.680257,-0.918206,0.430733,0.939370,,,,,
sample,615,drone,15.367058,13.852635,0.670625,2.241119,1.275668,1.744472,-0.820802,-0.720921,-0.990495,0.466543,0.939395,,,,,
sample,616,drone,15.392045,13.884285,0.713905,2.220756,1.257146,1.718820,-0.808697,-0.761585,-1.062783,0.502354,0.939305,,,,,
sample,617,drone,15.417032,13.915460,0.756522,2.200705,1.237608,1.691361,-0.795697,-0.802248,-1.135072,0.538164,0.939095,,,,,
sample,618,drone,15.442019,13.946134,0.798429,2.180991,1.217054,1.662096,-0.781803,-0.842912,-1.207360,0.573975,0.938758,,,,,
sample,619,drone,15.467006,13.976281,0.839583,2.161636,1.195484,1.631024,-0.767013,-0.883575,-1.279649,0.609785,0.938287,,,,,
sample,620,drone,15.491993,14.005877,0.879939,2.142660,1.172898,1.598146,-0.751329,-0.924239,-1.351937,0.645595,0.937671,,,,,
sample,621,drone,15.516980,14.034896,0.919449,2.124088,1.149296,1.563462,-0.734750,-0.964902,-1.424226,0.681406,0.936902,,,,,
sample,622,drone,15.541967,14.063312,0.958071,2.105942,1.124678,1.526972,-0.717277,-1.005566,-1.496514,0.717216,0.935964,,,,,
sample,623,drone,15.566954,14.091100,0.995759,2.088243,1.099044,1.488675,-0.698908,-1.046230,-1.568803,0.753027,0.934845,,,,,
sample,624,drone,15.591941,14.118236,1.032467,2.071015,1.072394,1.448572,-0.679645,-1.086893,-1.641091,0.788837,0.933525,,,,,
sample,625,drone,15.616929,14.144692,1.068150,2.054278,1.044727,1.406663,-0.659487,-1.127557,-1.713380,0.824647,0.931984,,,,,
sample,626,drone,15.641916,14.170445,1.102763,2.038057,1.016045,1.362947,-0.638434,-1.168220,-1.785668,0.860458,0.930197,,,,,
sample,627,drone,15.666903,14.195468,1.136262,2.022373,0.986346,1.317426,-0.616486,-1.208884,-1.857956,0.896268,0.928133,,,,,
sample,628,drone,15.691890,14.219737,1.168601,2.007249,0.955632,1.270097,-0.593643,-1.249548,-1.930245,0.932079,0.925756,,,,,
sample,629,drone,15.716877,14.243225,1.199734,1.992706,0.923901,1.220963,-0.569906,-1.290211,-2.002533,0.967889,0.923022,,,,,
sample,630,drone,15.741864,14.265908,1.229617,1.978768,0.891155,1.170023,-0.545274,-1.330875,-2.074822,1.003700,0.919877,,,,,
sample,631,drone,15.766851,14.287760,1.258205,1.965457,0.857392,1.117276,-0.519747,-1.371538,-2.147110,1.039510,0.916255,,,,,
sample,632,drone,15.791838,14.308756,1.285452,1.952794,0.822613,1.062722,-0.493325,-1.412202,-2.219399,1.075320,0.912072,,,,,
sample,633,drone,15.816825,14.328870,1.311314,1.940803,0.786818,1.006363,-0.466009,-1.452865,-2.291687,1.111131,0.907225,,,,,
sample,634,drone,15.841812,14.348076,1.335744,1.929506,0.750007,0.948197,-0.437797,-1.493529,-2.363976,1.146941,0.901578,,,,,
sample,635,drone,15.866799,14.366351,1.358699,1.918925,0.712180,0.888225,-0.408691,-1.534193,-2.436264,1.182752,0.894958,,,,,
sample,636,drone,15.891787,14.383667,1.380133,1.909082,0.673337,0.826447,-0.378690,-1.170976,-1.863342,0.904969,0.887133,,,,,
sample,637,drone,15.916774,14.400000,1.400000,1.900000,0.653662,0.795106,-0.363466,-0.787428,-1.254276,0.609281,0.882720,,,,,
