section,index,name,t,x,y,z,vx,vy,vz,ax,ay,az,yaw
crossing,1,G1,1.156341,1.647015,-1.384364,3.027886,,,,,,
crossing,2,G5,5.414480,9.867857,0.720951,2.659264,,,,,,
crossing,3,G3,7.936597,6.025166,-2.076869,2.739332,,,,,,
crossing,4,G4,9.082043,7.534771,-0.755090,2.092991,,,,,,
crossing,5,G2,11.089170,3.934051,-3.225747,1.654844,,,,,,
crossing,6,G6,15.496234,12.460312,-1.070138,2.633668,,,,,,
sample,0,drone,0.000000,0.000000,-1.000000,1.200000,0.006430,-0.001501,0.007137,0.738878,-0.172432,0.820020,-0.229267
sample,1,drone,0.024974,0.000161,-1.000037,1.200178,0.024883,-0.005807,0.027616,1.432589,-0.334323,1.589912,-0.229267
sample,2,drone,0.049948,0.001243,-1.000290,1.201379,0.077986,-0.018200,0.086550,2.727599,-0.636540,3.027137,-0.229267
sample,3,drone,0.074922,0.004056,-1.000947,1.204501,0.161122,-0.037601,0.178816,3.837946,-0.895661,4.259420,-0.229267
sample,4,drone,0.099897,0.009291,-1.002168,1.210311,0.269685,-0.062936,0.299301,4.768255,-1.112768,5.291893,-0.229267
sample,5,drone,0.124871,0.017526,-1.004090,1.219451,0.399289,-0.093182,0.443137,5.527461,-1.289943,6.134473,-0.229267
sample,6,drone,0.149845,0.029234,-1.006822,1.232445,0.545772,-0.127367,0.605707,6.124498,-1.429274,6.797075,-0.229267
sample,7,drone,0.174819,0.044787,-1.010452,1.249705,0.705197,-0.164572,0.782640,6.568300,-1.532844,7.289614,-0.229267
sample,8,drone,0.199793,0.064458,-1.015043,1.271536,0.873847,-0.203930,0.969811,6.867802,-1.602739,7.622007,-0.229267
sample,9,drone,0.224767,0.088434,-1.020638,1.298145,1.048232,-0.244626,1.163346,7.031940,-1.641044,7.804170,-0.229267
sample,10,drone,0.249741,0.116815,-1.027261,1.329644,1.225081,-0.285897,1.359616,7.069646,-1.649843,7.846017,-0.229267
sample,11,drone,0.274716,0.149624,-1.034918,1.366056,1.401349,-0.327033,1.555241,6.989857,-1.631223,7.757465,-0.229267
sample,12,drone,0.299690,0.186810,-1.043596,1.407325,1.574212,-0.367374,1.747088,6.801505,-1.587267,7.548430,-0.229267
sample,13,drone,0.324664,0.228254,-1.053268,1.453320,1.741072,-0.406314,1.932272,6.513527,-1.520062,7.228827,-0.229267
sample,14,drone,0.349638,0.273774,-1.063891,1.503839,1.899552,-0.443298,2.108156,6.134857,-1.431691,6.808571,-0.229267
sample,15,drone,0.374612,0.323133,-1.075410,1.558619,2.047498,-0.477825,2.272349,5.674428,-1.324241,6.297580,-0.229267
sample,16,drone,0.399586,0.376043,-1.087757,1.617339,2.182980,-0.509442,2.422709,5.141176,-1.199796,5.705767,-0.229267
sample,17,drone,0.424561,0.432169,-1.100855,1.679629,2.304291,-0.537752,2.557342,4.544035,-1.060441,5.043050,-0.229267
sample,18,drone,0.449535,0.491138,-1.114617,1.745074,2.409947,-0.562409,2.674601,3.891940,-0.908262,4.319344,-0.229267
sample,19,drone,0.474509,0.552542,-1.128947,1.813221,2.498687,-0.583118,2.773086,3.193826,-0.745343,3.544564,-0.229267
sample,20,drone,0.499483,0.615943,-1.143743,1.883585,2.569473,-0.599638,2.851646,2.458626,-0.573769,2.728626,-0.229267
sample,21,drone,0.524457,0.680883,-1.158898,1.955656,2.621491,-0.611777,2.909376,1.695276,-0.395626,1.881446,-0.229267
sample,22,drone,0.549431,0.746882,-1.174300,2.028903,2.654149,-0.619399,2.945621,0.912709,-0.212999,1.012941,-0.229267
sample,23,drone,0.574405,0.813453,-1.189835,2.102784,2.667079,-0.622416,2.959971,0.119861,-0.027972,0.133024,-0.229267
sample,24,drone,0.599380,0.880098,-1.205389,2.176749,2.660136,-0.620796,2.952265,-0.674334,0.157369,-0.748387,-0.229267
sample,25,drone,0.624354,0.946322,-1.220843,2.250245,2.633397,-0.614556,2.922590,-1.460941,0.340940,-1.621378,-0.229267
sample,26,drone,0.649328,1.011632,-1.236085,2.322727,2.587164,-0.603766,2.871280,-2.231026,0.520654,-2.476032,-0.229267
sample,27,drone,0.674302,1.075547,-1.251000,2.393660,2.521961,-0.588550,2.798917,-2.975654,0.694428,-3.302433,-0.229267
sample,28,drone,0.699276,1.137600,-1.265482,2.462528,2.438535,-0.569081,2.706329,-3.685891,0.860176,-4.090666,-0.229267
sample,29,drone,0.724250,1.197347,-1.279425,2.528837,2.337857,-0.545586,2.594595,-4.352802,1.015813,-4.830816,-0.229267
sample,30,drone,0.749224,1.254372,-1.292733,2.592124,2.221120,-0.518343,2.465038,-4.967453,1.159254,-5.512966,-0.229267
sample,31,drone,0.774199,1.308288,-1.305315,2.651961,2.089741,-0.487683,2.319232,-5.520909,1.288414,-6.127201,-0.229267
sample,32,drone,0.799173,1.358751,-1.317092,2.707965,1.945360,-0.453989,2.158995,-6.004235,1.401208,-6.663605,-0.229267
sample,33,drone,0.824147,1.405456,-1.327991,2.759800,1.789840,-0.417695,1.986396,-6.408497,1.495551,-7.112262,-0.229267
sample,34,drone,0.849121,1.448150,-1.337955,2.807183,1.625267,-0.379288,1.803750,-6.724760,1.569357,-7.463257,-0.229267
sample,35,drone,0.874095,1.486635,-1.346936,2.849894,1.453950,-0.339308,1.613619,-6.944091,1.620542,-7.706674,-0.229267
sample,36,drone,0.899069,1.520773,-1.354903,2.887780,1.278421,-0.298345,1.418814,-7.057553,1.647021,-7.832596,-0.229267
sample,37,drone,0.924043,1.550490,-1.361838,2.920761,1.101437,-0.257042,1.222394,-7.056214,1.646708,-7.831109,-0.229267
sample,38,drone,0.949018,1.575787,-1.367741,2.948837,0.925976,-0.216095,1.027664,-6.931137,1.617519,-7.692297,-0.229267
sample,39,drone,0.973992,1.596741,-1.372631,2.972091,0.755239,-0.176250,0.838177,-6.673389,1.557369,-7.406244,-0.229267
sample,40,drone,0.998966,1.613510,-1.376545,2.990702,0.592651,-0.138307,0.657735,-6.274035,1.464171,-6.963034,-0.229267
sample,41,drone,1.023940,1.626343,-1.379540,3.004944,0.441861,-0.103117,0.490385,-5.724140,1.335843,-6.352751,-0.229267
sample,42,drone,1.048914,1.635581,-1.381695,3.015196,0.306740,-0.071584,0.340426,-5.014771,1.170297,-5.565481,-0.229267
sample,43,drone,1.073888,1.641664,-1.383115,3.021948,0.191382,-0.044663,0.212399,-4.136992,0.965450,-4.591306,-0.229267
sample,44,drone,1.098863,1.645140,-1.383926,3.025805,0.100104,-0.023361,0.111098,-3.081868,0.719216,-3.420312,-0.229267
sample,45,drone,1.123837,1.646664,-1.384282,3.027497,0.037448,-0.008739,0.041560,-1.861396,0.435496,-2.068409,-0.229267
sample,46,drone,1.148811,1.647010,-1.384363,3.027881,0.007131,-0.001609,0.007784,-0.715839,0.182762,-0.831503,-0.221933
sample,47,drone,1.173785,1.647020,-1.384362,3.027886,0.001693,0.000389,0.000028,-0.017466,0.064303,-0.161461,0.226094
sample,48,drone,1.198759,1.647095,-1.384343,3.027882,0.006258,0.001603,-0.000281,0.259494,0.067339,-0.013720,0.250707
sample,49,drone,1.223733,1.647333,-1.384282,3.027872,0.014654,0.003753,-0.000657,0.408507,0.104617,-0.018317,0.250707
sample,50,drone,1.248707,1.647827,-1.384156,3.027849,0.026663,0.006828,-0.001196,0.550461,0.140970,-0.024683,0.250707
sample,51,drone,1.273682,1.648665,-1.383941,3.027812,0.042149,0.010794,-0.001890,0.687044,0.175948,-0.030807,0.250707
sample,52,drone,1.298656,1.649932,-1.383617,3.027755,0.060979,0.015617,-0.002734,0.818322,0.209568,-0.036693,0.250707
sample,53,drone,1.323630,1.651711,-1.383161,3.027675,0.083023,0.021262,-0.003723,0.944360,0.241846,-0.042345,0.250707
sample,54,drone,1.348604,1.654079,-1.382555,3.027569,0.108149,0.027696,-0.004849,1.065225,0.272799,-0.047765,0.250707
sample,55,drone,1.373578,1.657112,-1.381778,3.027433,0.136229,0.034887,-0.006108,1.180982,0.302443,-0.052955,0.250707
sample,56,drone,1.398552,1.660883,-1.380812,3.027264,0.167137,0.042803,-0.007494,1.291698,0.330797,-0.057920,0.250707
sample,57,drone,1.423526,1.665461,-1.379640,3.027059,0.200747,0.051410,-0.009001,1.397437,0.357876,-0.062661,0.250707
sample,58,drone,1.448501,1.670910,-1.378244,3.026814,0.236936,0.060678,-0.010624,1.498267,0.383698,-0.067182,0.250707
sample,59,drone,1.473475,1.677295,-1.376609,3.026528,0.275583,0.070575,-0.012357,1.594253,0.408280,-0.071486,0.250707
sample,60,drone,1.498449,1.684675,-1.374719,3.026197,0.316566,0.081071,-0.014195,1.685460,0.431637,-0.075576,0.250707
sample,61,drone,1.523423,1.693107,-1.372560,3.025819,0.359769,0.092135,-0.016132,1.771955,0.453788,-0.079454,0.250707
sample,62,drone,1.548397,1.702645,-1.370117,3.025391,0.405073,0.103737,-0.018163,1.853803,0.474749,-0.083124,0.250707
sample,63,drone,1.573371,1.713340,-1.367378,3.024912,0.452363,0.115848,-0.020284,1.931070,0.494537,-0.086589,0.250707
sample,64,drone,1.598345,1.725240,-1.364331,3.024378,0.501526,0.128438,-0.022488,2.003823,0.513169,-0.089851,0.250707
sample,65,drone,1.623320,1.738390,-1.360963,3.023789,0.552450,0.141480,-0.024772,2.072126,0.530661,-0.092914,0.250707
sample,66,drone,1.648294,1.752834,-1.357264,3.023141,0.605025,0.154944,-0.027129,2.136047,0.547030,-0.095780,0.250707
sample,67,drone,1.673268,1.768610,-1.353224,3.022433,0.659142,0.168803,-0.029556,2.195650,0.562295,-0.098453,0.250707
sample,68,drone,1.698242,1.785757,-1.348833,3.021665,0.714694,0.183030,-0.032047,2.251002,0.576470,-0.100935,0.250707
sample,69,drone,1.723216,1.804308,-1.344082,3.020833,0.771576,0.197597,-0.034597,2.302168,0.589573,-0.103229,0.250707
sample,70,drone,1.748190,1.824296,-1.338963,3.019937,0.829684,0.212478,-0.037203,2.349214,0.601622,-0.105338,0.250707
sample,71,drone,1.773165,1.845749,-1.333469,3.018975,0.888915,0.227647,-0.039859,2.392207,0.612632,-0.107266,0.250707
sample,72,drone,1.798139,1.868695,-1.327593,3.017946,0.949170,0.243078,-0.042561,2.431212,0.622621,-0.109015,0.250707
sample,73,drone,1.823113,1.893159,-1.321328,3.016849,1.010350,0.258745,-0.045304,2.466294,0.631605,-0.110588,0.250707
sample,74,drone,1.848087,1.919161,-1.314669,3.015683,1.072358,0.274625,-0.048084,2.497521,0.639602,-0.111989,0.250707
sample,75,drone,1.873061,1.946721,-1.307611,3.014447,1.135097,0.290692,-0.050898,2.524956,0.646628,-0.113219,0.250707
sample,76,drone,1.898035,1.975857,-1.300149,3.013141,1.198475,0.306923,-0.053739,2.548668,0.652701,-0.114282,0.250707
sample,77,drone,1.923009,2.006583,-1.292280,3.011763,1.262399,0.323294,-0.056606,2.568720,0.657836,-0.115181,0.250707
sample,78,drone,1.947984,2.038912,-1.284001,3.010313,1.326778,0.339781,-0.059493,2.585180,0.662051,-0.115919,0.250707
sample,79,drone,1.972958,2.072853,-1.275309,3.008791,1.391524,0.356362,-0.062396,2.598113,0.665363,-0.116499,0.250707
sample,80,drone,1.997932,2.108416,-1.266201,3.007197,1.456549,0.373015,-0.065311,2.607585,0.667789,-0.116924,0.250707
sample,81,drone,2.022906,2.145605,-1.256677,3.005529,1.521768,0.389717,-0.068236,2.613661,0.669345,-0.117196,0.250707
sample,82,drone,2.047880,2.184426,-1.246736,3.003788,1.587097,0.406447,-0.071165,2.616408,0.670049,-0.117319,0.250707
sample,83,drone,2.072854,2.224878,-1.236376,3.001974,1.652454,0.423185,-0.074096,2.615892,0.669916,-0.117296,0.250707
sample,84,drone,2.097828,2.266963,-1.225598,3.000087,1.717757,0.439909,-0.077024,2.612178,0.668965,-0.117130,0.250707
sample,85,drone,2.122803,2.310677,-1.214403,2.998127,1.782927,0.456598,-0.079946,2.605332,0.667212,-0.116823,0.250707
sample,86,drone,2.147777,2.356017,-1.202792,2.996094,1.847889,0.473235,-0.082859,2.595420,0.664674,-0.116378,0.250707
sample,87,drone,2.172751,2.402976,-1.190766,2.993989,1.912564,0.489798,-0.085759,2.582508,0.661367,-0.115799,0.250707
sample,88,drone,2.197725,2.451546,-1.178327,2.991811,1.976880,0.506269,-0.088643,2.566662,0.657309,-0.115089,0.250707
sample,89,drone,2.222699,2.501718,-1.165479,2.989561,2.040765,0.522629,-0.091508,2.547948,0.652516,-0.114250,0.250707
sample,90,drone,2.247673,2.553479,-1.152223,2.987240,2.104146,0.538861,-0.094350,2.526431,0.647006,-0.113285,0.250707
sample,91,drone,2.272647,2.606816,-1.138564,2.984848,2.166956,0.554946,-0.097166,2.502177,0.640795,-0.112197,0.250707
sample,92,drone,2.297622,2.661715,-1.124504,2.982387,2.229126,0.570867,-0.099954,2.475253,0.633899,-0.110990,0.250707
sample,93,drone,2.322596,2.718157,-1.110050,2.979856,2.290590,0.586608,-0.102710,2.445724,0.626337,-0.109666,0.250707
sample,94,drone,2.347570,2.776126,-1.095204,2.977257,2.351285,0.602152,-0.105431,2.413655,0.618125,-0.108228,0.250707
sample,95,drone,2.372544,2.835600,-1.079973,2.974590,2.411148,0.617483,-0.108116,2.379114,0.609279,-0.106679,0.250707
sample,96,drone,2.397518,2.896559,-1.064362,2.971856,2.470118,0.632584,-0.110760,2.342165,0.599816,-0.105022,0.250707
sample,97,drone,2.422492,2.958978,-1.048377,2.969058,2.528135,0.647442,-0.113361,2.302874,0.589754,-0.103261,0.250707
sample,98,drone,2.447467,3.022835,-1.032023,2.966194,2.585143,0.662042,-0.115917,2.261308,0.579109,-0.101397,0.250707
sample,99,drone,2.472441,3.088102,-1.015309,2.963268,2.641084,0.676368,-0.118426,2.217532,0.567898,-0.099434,0.250707
sample,100,drone,2.497415,3.154752,-0.998240,2.960279,2.695905,0.690407,-0.120884,2.171613,0.556139,-0.097375,0.250707
sample,101,drone,2.522389,3.222758,-0.980824,2.957230,2.749552,0.704146,-0.123290,2.123615,0.543847,-0.095223,0.250707
sample,102,drone,2.547363,3.292088,-0.963069,2.954121,2.801976,0.717571,-0.125640,2.073605,0.531039,-0.092980,0.250707
sample,103,drone,2.572337,3.362711,-0.944983,2.950954,2.853125,0.730671,-0.127934,2.021649,0.517734,-0.090650,0.250707
sample,104,drone,2.597311,3.434596,-0.926573,2.947731,2.902954,0.743431,-0.130168,1.967812,0.503946,-0.088236,0.250707
sample,105,drone,2.622286,3.507709,-0.907850,2.944453,2.951414,0.755842,-0.132341,1.912161,0.489694,-0.085741,0.250707
sample,106,drone,2.647260,3.582015,-0.888820,2.941121,2.998463,0.767891,-0.134451,1.854761,0.474995,-0.083167,0.250707
sample,107,drone,2.672234,3.657477,-0.869495,2.937737,3.044056,0.779567,-0.136495,1.795678,0.459864,-0.080518,0.250707
sample,108,drone,2.697208,3.734060,-0.849882,2.934303,3.088154,0.790860,-0.138472,1.734978,0.444319,-0.077796,0.250707
sample,109,drone,2.722182,3.811725,-0.829993,2.930820,3.130715,0.801760,-0.140381,1.672727,0.428377,-0.075005,0.250707
sample,110,drone,2.747156,3.890434,-0.809836,2.927291,3.171704,0.812257,-0.142219,1.608990,0.412054,-0.072147,0.250707
sample,111,drone,2.772130,3.970146,-0.789422,2.923717,3.211082,0.822341,-0.143985,1.543834,0.395368,-0.069225,0.250707
sample,112,drone,2.797105,4.050822,-0.768761,2.920099,3.248815,0.832005,-0.145676,1.477325,0.378335,-0.066243,0.250707
sample,113,drone,2.822079,4.132419,-0.747865,2.916441,3.284872,0.841239,-0.147293,1.409528,0.360973,-0.063203,0.250707
sample,114,drone,2.847053,4.214896,-0.726743,2.912742,3.319219,0.850035,-0.148833,1.340509,0.343297,-0.060108,0.250707
sample,115,drone,2.872027,4.298209,-0.705407,2.909007,3.351828,0.858386,-0.150296,1.270334,0.325326,-0.056962,0.250707
sample,116,drone,2.897001,4.382314,-0.683868,2.905235,3.382670,0.866284,-0.151678,1.199068,0.307075,-0.053766,0.250707
sample,117,drone,2.921975,4.467167,-0.662137,2.901431,3.411719,0.873724,-0.152981,1.126779,0.288562,-0.050525,0.250707
sample,118,drone,2.946949,4.552723,-0.640227,2.897594,3.438951,0.880697,-0.154202,1.053531,0.269804,-0.047240,0.250707
sample,119,drone,2.971924,4.638937,-0.618148,2.893728,3.464341,0.887200,-0.155341,0.979391,0.250817,-0.043916,0.250707
sample,120,drone,2.996898,4.725761,-0.595913,2.889835,3.487870,0.893225,-0.156396,0.904423,0.231618,-0.040554,0.250707
sample,121,drone,3.021872,4.813150,-0.573533,2.885917,3.509516,0.898769,-0.157366,0.828695,0.212225,-0.037159,0.250707
sample,122,drone,3.046846,4.901056,-0.551021,2.881975,3.529261,0.903825,-0.158252,0.752272,0.192653,-0.033732,0.250707
sample,123,drone,3.071820,4.989431,-0.528389,2.878012,3.547090,0.908391,-0.159051,0.675220,0.172920,-0.030277,0.250707
sample,124,drone,3.096794,5.078227,-0.505648,2.874031,3.562988,0.912463,-0.159764,0.597605,0.153043,-0.026797,0.250707
sample,125,drone,3.121769,5.167396,-0.482813,2.870032,3.576940,0.916036,-0.160390,0.519492,0.133039,-0.023294,0.250707
sample,126,drone,3.146743,5.256889,-0.459894,2.866020,3.588935,0.919108,-0.160927,0.440948,0.112924,-0.019772,0.250707
sample,127,drone,3.171717,5.346657,-0.436905,2.861994,3.598964,0.921676,-0.161377,0.362038,0.092716,-0.016234,0.250707
sample,128,drone,3.196691,5.436651,-0.413858,2.857959,3.607018,0.923739,-0.161738,0.282828,0.072431,-0.012682,0.250707
sample,129,drone,3.221665,5.526821,-0.390766,2.853916,3.613091,0.925294,-0.162011,0.203384,0.052086,-0.009120,0.250707
sample,130,drone,3.246639,5.617119,-0.367641,2.849867,3.617177,0.926340,-0.162194,0.123772,0.031697,-0.005550,0.250707
sample,131,drone,3.271613,5.707493,-0.344496,2.845814,3.619273,0.926877,-0.162288,0.044058,0.011283,-0.001976,0.250707
sample,132,drone,3.296588,5.797895,-0.321345,2.841761,3.619378,0.926904,-0.162292,-0.035693,-0.009141,0.001600,0.250707
sample,133,drone,3.321562,5.888275,-0.298199,2.837708,3.617491,0.926420,-0.162208,-0.115414,-0.029557,0.005175,0.250707
sample,134,drone,3.346536,5.978583,-0.275072,2.833659,3.613613,0.925427,-0.162034,-0.195039,-0.049949,0.008746,0.250707
sample,135,drone,3.371510,6.068769,-0.251976,2.829615,3.607749,0.923926,-0.161771,-0.274504,-0.070299,0.012309,0.250707
sample,136,drone,3.396484,6.158784,-0.228923,2.825579,3.599902,0.921916,-0.161419,-0.353741,-0.090591,0.015862,0.250707
sample,137,drone,3.421458,6.248578,-0.205927,2.821552,3.590080,0.919401,-0.160979,-0.432686,-0.110809,0.019402,0.250707
sample,138,drone,3.446432,6.338102,-0.183001,2.817538,3.578290,0.916381,-0.160450,-0.511272,-0.130934,0.022925,0.250707
sample,139,drone,3.471407,6.427307,-0.160156,2.813538,3.564543,0.912861,-0.159834,-0.589433,-0.150951,0.026430,0.250707
sample,140,drone,3.496381,6.516145,-0.137405,2.809555,3.548849,0.908842,-0.159130,-0.667104,-0.170842,0.029913,0.250707
sample,141,drone,3.521355,6.604566,-0.114761,2.805590,3.531222,0.904328,-0.158340,-0.744218,-0.190590,0.033371,0.250707
sample,142,drone,3.546329,6.692523,-0.092235,2.801646,3.511677,0.899322,-0.157463,-0.820710,-0.210180,0.036801,0.250707
sample,143,drone,3.571303,6.779969,-0.069841,2.797725,3.490229,0.893829,-0.156501,-0.896514,-0.229593,0.040200,0.250707
sample,144,drone,3.596277,6.866854,-0.047590,2.793829,3.466897,0.887854,-0.155455,-0.971564,-0.248812,0.043565,0.250707
sample,145,drone,3.621251,6.953134,-0.025494,2.789960,3.441701,0.881402,-0.154325,-1.045794,-0.267822,0.046893,0.250707
sample,146,drone,3.646226,7.038761,-0.003566,2.786121,3.414662,0.874477,-0.153113,-1.119139,-0.286606,0.050182,0.250707
sample,147,drone,3.671200,7.123691,0.018184,2.782312,3.385802,0.867086,-0.151819,-1.191532,-0.305145,0.053428,0.250707
sample,148,drone,3.696174,7.207876,0.039744,2.778537,3.355147,0.859236,-0.150444,-1.262908,-0.323424,0.056629,0.250707
sample,149,drone,3.721148,7.291274,0.061102,2.774798,3.322722,0.850932,-0.148990,-1.333200,-0.341426,0.059781,0.250707
sample,150,drone,3.746122,7.373841,0.082247,2.771096,3.288555,0.842182,-0.147458,-1.402344,-0.359133,0.062881,0.250707
sample,151,drone,3.771096,7.455532,0.103167,2.767433,3.252677,0.832994,-0.145850,-1.470272,-0.376529,0.065927,0.250707
sample,152,drone,3.796071,7.536306,0.123853,2.763811,3.215118,0.823375,-0.144165,-1.536920,-0.393597,0.068915,0.250707
sample,153,drone,3.821045,7.616122,0.144293,2.760232,3.175911,0.813334,-0.142407,-1.602221,-0.410320,0.071843,0.250707
sample,154,drone,3.846019,7.694938,0.164478,2.756698,3.135090,0.802880,-0.140577,-1.666109,-0.426682,0.074708,0.250707
sample,155,drone,3.870993,7.772714,0.184396,2.753210,3.092691,0.792022,-0.138676,-1.728519,-0.442665,0.077507,0.250707
sample,156,drone,3.895967,7.849412,0.204038,2.749771,3.048753,0.780770,-0.136706,-1.789385,-0.458252,0.080236,0.250707
sample,157,drone,3.920941,7.924994,0.223394,2.746382,3.003315,0.769133,-0.134668,-1.848641,-0.473427,0.082893,0.250707
sample,158,drone,3.945915,7.999423,0.242455,2.743045,2.956417,0.757123,-0.132565,-1.906220,-0.488173,0.085475,0.250707
sample,159,drone,3.970890,8.072662,0.261211,2.739761,2.908102,0.744750,-0.130399,-1.962058,-0.502473,0.087978,0.250707
sample,160,drone,3.995864,8.144678,0.279654,2.736531,2.858415,0.732025,-0.128171,-2.016088,-0.516310,0.090401,0.250707
sample,161,drone,4.020838,8.215435,0.297774,2.733359,2.807402,0.718961,-0.125884,-2.068245,-0.529667,0.092740,0.250707
sample,162,drone,4.045812,8.284903,0.315565,2.730244,2.755110,0.705569,-0.123539,-2.118462,-0.542527,0.094992,0.250707
sample,163,drone,4.070786,8.353048,0.333016,2.727188,2.701588,0.691863,-0.121139,-2.166674,-0.554874,0.097153,0.250707
sample,164,drone,4.095760,8.419842,0.350122,2.724193,2.646888,0.677854,-0.118686,-2.212815,-0.566690,0.099222,0.250707
sample,165,drone,4.120734,8.485256,0.366874,2.721260,2.591062,0.663557,-0.116183,-2.256819,-0.577960,0.101195,0.250707
sample,166,drone,4.145709,8.549261,0.383266,2.718390,2.534164,0.648986,-0.113632,-2.298620,-0.588665,0.103070,0.250707
sample,167,drone,4.170683,8.611833,0.399290,2.715584,2.476250,0.634155,-0.111035,-2.338152,-0.598789,0.104842,0.250707
sample,168,drone,4.195657,8.672946,0.414941,2.712844,2.417377,0.619078,-0.108395,-2.375350,-0.608315,0.106510,0.250707
sample,169,drone,4.220631,8.732577,0.430212,2.710170,2.357605,0.603770,-0.105715,-2.410147,-0.617226,0.108071,0.250707
sample,170,drone,4.245605,8.790704,0.445098,2.707564,2.296994,0.588248,-0.102997,-2.442478,-0.625506,0.109520,0.250707
sample,171,drone,4.270579,8.847308,0.459594,2.705026,2.235608,0.572527,-0.100244,-2.472276,-0.633137,0.110857,0.250707
sample,172,drone,4.295554,8.902369,0.473695,2.702557,2.173509,0.556624,-0.097460,-2.499477,-0.640103,0.112076,0.250707
sample,173,drone,4.320528,8.955871,0.487396,2.700158,2.110763,0.540555,-0.094646,-2.524014,-0.646387,0.113176,0.250707
sample,174,drone,4.345502,9.007798,0.500694,2.697829,2.047438,0.524338,-0.091807,-2.545821,-0.651972,0.114154,0.250707
sample,175,drone,4.370476,9.058137,0.513586,2.695572,1.983604,0.507991,-0.088945,-2.564833,-0.656840,0.115007,0.250707
sample,176,drone,4.395450,9.106876,0.526068,2.693387,1.919329,0.491530,-0.086062,-2.580983,-0.660976,0.115731,0.250707
sample,177,drone,4.420424,9.154004,0.538137,2.691273,1.854688,0.474976,-0.083164,-2.594206,-0.664363,0.116324,0.250707
sample,178,drone,4.445398,9.199514,0.549792,2.689233,1.789753,0.458346,-0.080252,-2.604435,-0.666982,0.116783,0.250707
sample,179,drone,4.470373,9.243399,0.561031,2.687265,1.724601,0.441661,-0.077331,-2.611606,-0.668819,0.117104,0.250707
sample,180,drone,4.495347,9.285655,0.571852,2.685370,1.659308,0.424940,-0.074403,-2.615651,-0.669855,0.117285,0.250707
sample,181,drone,4.520321,9.326279,0.582256,2.683549,1.593953,0.408203,-0.071473,-2.616506,-0.670074,0.117324,0.250707
sample,182,drone,4.545295,9.365270,0.592241,2.681800,1.528618,0.391471,-0.068543,-2.614105,-0.669459,0.117216,0.250707
sample,183,drone,4.570269,9.402631,0.601809,2.680125,1.463383,0.374765,-0.065618,-2.608380,-0.667993,0.116959,0.250707
sample,184,drone,4.595243,9.438364,0.610960,2.678523,1.398334,0.358106,-0.062701,-2.599268,-0.665659,0.116551,0.250707
sample,185,drone,4.620217,9.472475,0.619696,2.676993,1.333554,0.341516,-0.059796,-2.586701,-0.662441,0.115987,0.250707
sample,186,drone,4.645192,9.504973,0.628018,2.675536,1.269132,0.325018,-0.056908,-2.570615,-0.658321,0.115266,0.250707
sample,187,drone,4.670166,9.535866,0.635930,2.674151,1.205156,0.308634,-0.054039,-2.550942,-0.653283,0.114384,0.250707
sample,188,drone,4.695140,9.565168,0.643434,2.672837,1.141717,0.292388,-0.051194,-2.527617,-0.647310,0.113338,0.250707
sample,189,drone,4.720114,9.592893,0.650534,2.671594,1.078906,0.276302,-0.048378,-2.500575,-0.640384,0.112125,0.250707
sample,190,drone,4.745088,9.619058,0.657235,2.670420,1.016818,0.260402,-0.045594,-2.469750,-0.632490,0.110743,0.250707
sample,191,drone,4.770062,9.643681,0.663541,2.669316,0.955547,0.244710,-0.042847,-2.435075,-0.623610,0.109188,0.250707
sample,192,drone,4.795036,9.666786,0.669458,2.668280,0.895190,0.229253,-0.040140,-2.396485,-0.613727,0.107458,0.250707
sample,193,drone,4.820011,9.688395,0.674992,2.667311,0.835846,0.214056,-0.037479,-2.353914,-0.602825,0.105549,0.250707
sample,194,drone,4.844985,9.708535,0.680149,2.666408,0.777616,0.199143,-0.034868,-2.307295,-0.590886,0.103459,0.250707
sample,195,drone,4.869959,9.727235,0.684939,2.665570,0.720601,0.184542,-0.032312,-2.256565,-0.577894,0.101184,0.250707
sample,196,drone,4.894933,9.744527,0.689367,2.664794,0.664904,0.170279,-0.029814,-2.201655,-0.563832,0.098722,0.250707
sample,197,drone,4.919907,9.760446,0.693444,2.664081,0.610632,0.156380,-0.027381,-2.142501,-0.548683,0.096069,0.250707
sample,198,drone,4.944881,9.775027,0.697178,2.663427,0.557890,0.142873,-0.025016,-2.079036,-0.532430,0.093224,0.250707
sample,199,drone,4.969856,9.788312,0.700580,2.662831,0.506787,0.129786,-0.022724,-2.011196,-0.515057,0.090182,0.250707
sample,200,drone,4.994830,9.800341,0.703660,2.662292,0.457434,0.117147,-0.020511,-1.938913,-0.496545,0.086941,0.250707
sample,201,drone,5.019804,9.811160,0.706431,2.661807,0.409942,0.104984,-0.018382,-1.862122,-0.476880,0.083497,0.250707
sample,202,drone,5.044778,9.820817,0.708904,2.661374,0.364424,0.093327,-0.016341,-1.780758,-0.456043,0.079849,0.250707
sample,203,drone,5.069752,9.829362,0.711093,2.660990,0.320996,0.082205,-0.014393,-1.694753,-0.434017,0.075993,0.250707
sample,204,drone,5.094726,9.836850,0.713010,2.660655,0.279774,0.071649,-0.012545,-1.604044,-0.410787,0.071925,0.250707
sample,205,drone,5.119700,9.843336,0.714671,2.660364,0.240877,0.061687,-0.010801,-1.508562,-0.386335,0.067644,0.250707
sample,206,drone,5.144675,9.848881,0.716091,2.660115,0.204424,0.052352,-0.009166,-1.408244,-0.360644,0.063145,0.250707
sample,207,drone,5.169649,9.853547,0.717286,2.659906,0.170538,0.043674,-0.007647,-1.303022,-0.333697,0.058427,0.250707
sample,208,drone,5.194623,9.857399,0.718273,2.659733,0.139340,0.035684,-0.006248,-1.192832,-0.305478,0.053486,0.250707
sample,209,drone,5.219597,9.860507,0.719069,2.659594,0.110958,0.028416,-0.004975,-1.077607,-0.275969,0.048320,0.250707
sample,210,drone,5.244571,9.862941,0.719692,2.659485,0.085516,0.021900,-0.003835,-0.957281,-0.245155,0.042924,0.250707
sample,211,drone,5.269545,9.864778,0.720163,2.659402,0.063143,0.016171,-0.002831,-0.831788,-0.213017,0.037297,0.250707
sample,212,drone,5.294519,9.866095,0.720500,2.659343,0.043969,0.011260,-0.001972,-0.701063,-0.179539,0.031436,0.250707
sample,213,drone,5.319494,9.866974,0.720725,2.659304,0.028126,0.007203,-0.001261,-0.565040,-0.144704,0.025336,0.250707
sample,214,drone,5.344468,9.867500,0.720860,2.659280,0.015747,0.004033,-0.000706,-0.423652,-0.108495,0.018997,0.250707
sample,215,drone,5.369442,9.867761,0.720926,2.659269,0.006966,0.001784,-0.000312,-0.276999,-0.070991,0.012418,0.250707
sample,216,drone,5.394416,9.867848,0.720949,2.659265,0.001911,0.000487,-0.000086,-0.161202,-0.053163,0.006624,0.249394
sample,217,drone,5.419390,9.867856,0.720951,2.659264,-0.001086,-0.000872,0.000019,-0.191521,-0.121332,0.004912,-2.465401
sample,218,drone,5.444364,9.867794,0.720905,2.659266,-0.007655,-0.005574,0.000160,-0.418656,-0.303203,0.008805,-2.512263
sample,219,drone,5.469338,9.867474,0.720672,2.659272,-0.021997,-0.016016,0.000458,-0.730881,-0.532146,0.015229,-2.512263
sample,220,drone,5.494313,9.866695,0.720105,2.659289,-0.044161,-0.032153,0.000920,-1.033980,-0.752830,0.021544,-2.512263
sample,221,drone,5.519287,9.865268,0.719066,2.659318,-0.073643,-0.053619,0.001534,-1.317106,-0.958970,0.027444,-2.512263
sample,222,drone,5.544261,9.863017,0.717427,2.659365,-0.109949,-0.080052,0.002291,-1.580681,-1.150876,0.032935,-2.512263
sample,223,drone,5.569235,9.859776,0.715068,2.659433,-0.152595,-0.111103,0.003180,-1.825127,-1.328854,0.038029,-2.512263
sample,224,drone,5.594209,9.855395,0.711878,2.659524,-0.201111,-0.146426,0.004190,-2.050866,-1.493212,0.042732,-2.512263
sample,225,drone,5.619183,9.849731,0.707754,2.659642,-0.255032,-0.185686,0.005314,-2.258320,-1.644257,0.047055,-2.512263
sample,226,drone,5.644158,9.842656,0.702603,2.659789,-0.313910,-0.228554,0.006541,-2.447912,-1.782297,0.051005,-2.512263
sample,227,drone,5.669132,9.834052,0.696338,2.659969,-0.377302,-0.274709,0.007862,-2.620065,-1.907640,0.054592,-2.512263
sample,228,drone,5.694106,9.823811,0.688882,2.660182,-0.444778,-0.323838,0.009267,-2.775200,-2.020592,0.057825,-2.512263
sample,229,drone,5.719080,9.811836,0.680163,2.660432,-0.515918,-0.375634,0.010750,-2.913740,-2.121461,0.060711,-2.512263
sample,230,drone,5.744054,9.798042,0.670119,2.660719,-0.590314,-0.429801,0.012300,-3.036106,-2.210555,0.063261,-2.512263
sample,231,drone,5.769028,9.782351,0.658695,2.661046,-0.667566,-0.486048,0.013910,-3.142722,-2.288181,0.065483,-2.512263
sample,232,drone,5.794002,9.764698,0.645842,2.661414,-0.747287,-0.544092,0.015571,-3.234010,-2.354646,0.067385,-2.512263
sample,233,drone,5.818977,9.745025,0.631519,2.661824,-0.829100,-0.603658,0.017275,-3.310392,-2.410259,0.068976,-2.512263
sample,234,drone,5.843951,9.723286,0.615691,2.662277,-0.912636,-0.664480,0.019016,-3.372290,-2.455326,0.070266,-2.512263
sample,235,drone,5.868925,9.699441,0.598329,2.662773,-0.997540,-0.726298,0.020785,-3.420126,-2.490155,0.071263,-2.512263
sample,236,drone,5.893899,9.673460,0.579413,2.663315,-1.083465,-0.788859,0.022575,-3.454323,-2.515054,0.071975,-2.512263
sample,237,drone,5.918873,9.645323,0.558927,2.663901,-1.170077,-0.851920,0.024380,-3.475303,-2.530329,0.072412,-2.512263
sample,238,drone,5.943847,9.615017,0.536861,2.664533,-1.257051,-0.915245,0.026192,-3.483489,-2.536289,0.072583,-2.512263
sample,239,drone,5.968821,9.582536,0.513212,2.665209,-1.344072,-0.978603,0.028005,-3.479302,-2.533241,0.072496,-2.512263
sample,240,drone,5.993796,9.547883,0.487982,2.665931,-1.430836,-1.041776,0.029813,-3.463166,-2.521492,0.072159,-2.512263
sample,241,drone,6.018770,9.511068,0.461177,2.666698,-1.517051,-1.104548,0.031610,-3.435501,-2.501350,0.071583,-2.512263
sample,242,drone,6.043744,9.472109,0.432811,2.667510,-1.602434,-1.166714,0.033389,-3.396731,-2.473122,0.070775,-2.512263
sample,243,drone,6.068718,9.431029,0.402902,2.668366,-1.686712,-1.228076,0.035145,-3.347278,-2.437116,0.069745,-2.512263
sample,244,drone,6.093692,9.387860,0.371471,2.669266,-1.769624,-1.288444,0.036872,-3.287564,-2.393639,0.068501,-2.512263
sample,245,drone,6.118666,9.342639,0.338546,2.670208,-1.850920,-1.347634,0.038566,-3.218012,-2.342998,0.067051,-2.512263
sample,246,drone,6.143640,9.295410,0.304159,2.671192,-1.930359,-1.405472,0.040221,-3.139043,-2.285502,0.065406,-2.512263
sample,247,drone,6.168615,9.246221,0.268345,2.672217,-2.007710,-1.461791,0.041833,-3.051081,-2.221458,0.063573,-2.512263
sample,248,drone,6.193589,9.195128,0.231145,2.673281,-2.082755,-1.516430,0.043397,-2.954546,-2.151172,0.061562,-2.512263
sample,249,drone,6.218563,9.142191,0.192602,2.674384,-2.155285,-1.569238,0.044908,-2.849863,-2.074953,0.059380,-2.512263
sample,250,drone,6.243537,9.087476,0.152764,2.675525,-2.225101,-1.620071,0.046363,-2.737452,-1.993108,0.057038,-2.512263
sample,251,drone,6.268511,9.031051,0.111682,2.676700,-2.292016,-1.668791,0.047757,-2.617736,-1.905944,0.054544,-2.512263
sample,252,drone,6.293485,8.972993,0.069411,2.677910,-2.355852,-1.715269,0.049087,-2.491138,-1.813769,0.051906,-2.512263
sample,253,drone,6.318460,8.913380,0.026008,2.679152,-2.416444,-1.759385,0.050350,-2.358079,-1.716891,0.049134,-2.512263
sample,254,drone,6.343434,8.852296,-0.018467,2.680425,-2.473634,-1.801025,0.051541,-2.218983,-1.615617,0.046235,-2.512263
sample,255,drone,6.368408,8.789827,-0.063951,2.681726,-2.527278,-1.840083,0.052659,-2.074271,-1.510254,0.043220,-2.512263
sample,256,drone,6.393382,8.726063,-0.110376,2.683055,-2.577240,-1.876460,0.053700,-1.924366,-1.401109,0.040097,-2.512263
sample,257,drone,6.418356,8.661098,-0.157676,2.684409,-2.623397,-1.910066,0.054662,-1.769690,-1.288491,0.036874,-2.512263
sample,258,drone,6.443330,8.595029,-0.205781,2.685785,-2.665633,-1.940818,0.055542,-1.610665,-1.172707,0.033560,-2.512263
sample,259,drone,6.468304,8.527954,-0.254617,2.687183,-2.703847,-1.968641,0.056338,-1.447713,-1.054064,0.030165,-2.512263
sample,260,drone,6.493279,8.459976,-0.304111,2.688599,-2.737944,-1.993466,0.057049,-1.281257,-0.932869,0.026697,-2.512263
sample,261,drone,6.518253,8.391198,-0.354187,2.690032,-2.767843,-2.015236,0.057671,-1.111720,-0.809431,0.023164,-2.512263
sample,262,drone,6.543227,8.321727,-0.404769,2.691480,-2.793473,-2.033896,0.058206,-0.939523,-0.684056,0.019576,-2.512263
sample,263,drone,6.568201,8.251669,-0.455777,2.692940,-2.814771,-2.049403,0.058649,-0.765088,-0.557052,0.015942,-2.512263
sample,264,drone,6.593175,8.181134,-0.507133,2.694409,-2.831688,-2.061720,0.059002,-0.588839,-0.428727,0.012269,-2.512263
sample,265,drone,6.618149,8.110231,-0.558756,2.695887,-2.844183,-2.070817,0.059262,-0.411197,-0.299388,0.008568,-2.512263
sample,266,drone,6.643123,8.039072,-0.610567,2.697369,-2.852226,-2.076674,0.059430,-0.232584,-0.169342,0.004846,-2.512263
sample,267,drone,6.668098,7.967767,-0.662483,2.698855,-2.855800,-2.079276,0.059504,-0.053423,-0.038897,0.001113,-2.512263
sample,268,drone,6.693072,7.896430,-0.714423,2.700341,-2.854895,-2.078617,0.059485,0.125863,0.091639,-0.002623,-2.512263
sample,269,drone,6.718046,7.825170,-0.766306,2.701826,-2.849513,-2.074698,0.059373,0.304853,0.221960,-0.006352,-2.512263
sample,270,drone,6.743020,7.754101,-0.818051,2.703307,-2.839668,-2.067530,0.059168,0.483124,0.351757,-0.010066,-2.512263
sample,271,drone,6.767994,7.683334,-0.869576,2.704782,-2.825382,-2.057129,0.058870,0.660254,0.480724,-0.013757,-2.512263
sample,272,drone,6.792968,7.612978,-0.920801,2.706248,-2.806689,-2.043519,0.058481,0.835821,0.608552,-0.017415,-2.512263
sample,273,drone,6.817942,7.543144,-0.971646,2.707703,-2.783634,-2.026733,0.058001,1.009402,0.734935,-0.021032,-2.512263
sample,274,drone,6.842917,7.473940,-1.022032,2.709145,-2.756271,-2.006810,0.057430,1.180576,0.859564,-0.024599,-2.512263
sample,275,drone,6.867891,7.405473,-1.071883,2.710571,-2.724666,-1.983799,0.056772,1.348919,0.982133,-0.028106,-2.512263
sample,276,drone,6.892865,7.337848,-1.121120,2.711980,-2.688895,-1.957754,0.056026,1.514009,1.102333,-0.031546,-2.512263
sample,277,drone,6.917839,7.271168,-1.169669,2.713370,-2.649044,-1.928739,0.055196,1.675425,1.219858,-0.034910,-2.512263
sample,278,drone,6.942813,7.205533,-1.217457,2.714737,-2.605210,-1.896824,0.054283,1.832743,1.334400,-0.038188,-2.512263
sample,279,drone,6.967787,7.141042,-1.264412,2.716081,-2.557502,-1.862088,0.053289,1.985542,1.445651,-0.041371,-2.512263
sample,280,drone,6.992762,7.077790,-1.310465,2.717399,-2.506036,-1.824617,0.052216,2.133400,1.553304,-0.044452,-2.512263
sample,281,drone,7.017736,7.015870,-1.355549,2.718689,-2.450942,-1.784503,0.051068,2.275893,1.657052,-0.047421,-2.512263
sample,282,drone,7.042710,6.955370,-1.399598,2.719950,-2.392359,-1.741850,0.049848,2.412601,1.756587,-0.050270,-2.512263
sample,283,drone,7.067684,6.896375,-1.442551,2.721179,-2.330437,-1.696765,0.048558,2.543099,1.851602,-0.052989,-2.512263
sample,284,drone,7.092658,6.838968,-1.484349,2.722375,-2.265335,-1.649365,0.047201,2.666967,1.941789,-0.055570,-2.512263
sample,285,drone,7.117632,6.783226,-1.524934,2.723536,-2.197226,-1.599776,0.045782,2.783781,2.026840,-0.058004,-2.512263
sample,286,drone,7.142606,6.729220,-1.564255,2.724662,-2.126290,-1.548128,0.044304,2.893120,2.106449,-0.060282,-2.512263
sample,287,drone,7.167581,6.677021,-1.602261,2.725749,-2.052720,-1.494562,0.042771,2.994562,2.180307,-0.062395,-2.512263
sample,288,drone,7.192555,6.626691,-1.638906,2.726798,-1.976717,-1.439225,0.041187,3.087683,2.248107,-0.064336,-2.512263
sample,289,drone,7.217529,6.578287,-1.674147,2.727807,-1.898495,-1.382273,0.039558,3.172062,2.309543,-0.066094,-2.512263
sample,290,drone,7.242503,6.531864,-1.707948,2.728774,-1.818278,-1.323868,0.037886,3.247276,2.364305,-0.067661,-2.512263
sample,291,drone,7.267477,6.487468,-1.740272,2.729699,-1.736299,-1.264180,0.036178,3.312904,2.412088,-0.069029,-2.512263
sample,292,drone,7.292451,6.445139,-1.771091,2.730581,-1.652804,-1.203388,0.034438,3.368522,2.452583,-0.070187,-2.512263
sample,293,drone,7.317425,6.404913,-1.800380,2.731419,-1.568047,-1.141678,0.032672,3.413709,2.485483,-0.071129,-2.512263
sample,294,drone,7.342400,6.366818,-1.828116,2.732213,-1.482295,-1.079242,0.030885,3.448042,2.510480,-0.071844,-2.512263
sample,295,drone,7.367374,6.330875,-1.854286,2.732962,-1.395824,-1.016283,0.029084,3.471098,2.527268,-0.072325,-2.512263
sample,296,drone,7.392348,6.297099,-1.878878,2.733666,-1.308920,-0.953010,0.027273,3.482457,2.535538,-0.072561,-2.512263
sample,297,drone,7.417322,6.265496,-1.901887,2.734324,-1.221881,-0.889638,0.025459,3.481695,2.534983,-0.072545,-2.512263
sample,298,drone,7.442296,6.236068,-1.923314,2.734937,-1.135015,-0.826392,0.023649,3.468389,2.525295,-0.072268,-2.512263
sample,299,drone,7.467270,6.208804,-1.943164,2.735505,-1.048641,-0.763503,0.021850,3.442119,2.506168,-0.071721,-2.512263
sample,300,drone,7.492244,6.183690,-1.961449,2.736029,-0.963087,-0.701213,0.020067,3.402461,2.477293,-0.070895,-2.512263
sample,301,drone,7.517219,6.160700,-1.978188,2.736508,-0.878694,-0.639767,0.018309,3.348993,2.438364,-0.069780,-2.512263
sample,302,drone,7.542193,6.139801,-1.993405,2.736943,-0.795810,-0.579421,0.016582,3.281293,2.389072,-0.068370,-2.512263
sample,303,drone,7.567167,6.120950,-2.007129,2.737336,-0.714799,-0.520437,0.014894,3.198938,2.329111,-0.066654,-2.512263
sample,304,drone,7.592141,6.104098,-2.019400,2.737687,-0.636029,-0.463086,0.013252,3.101507,2.258172,-0.064624,-2.512263
sample,305,drone,7.617115,6.089182,-2.030260,2.737998,-0.559884,-0.407645,0.011666,2.988577,2.175949,-0.062271,-2.512263
sample,306,drone,7.642089,6.076132,-2.039761,2.738270,-0.486755,-0.354401,0.010142,2.859725,2.082134,-0.059586,-2.512263
sample,307,drone,7.667064,6.064869,-2.047961,2.738504,-0.417045,-0.303646,0.008690,2.714530,1.976419,-0.056561,-2.512263
sample,308,drone,7.692038,6.055302,-2.054927,2.738704,-0.351168,-0.255682,0.007317,2.552569,1.858497,-0.053186,-2.512263
sample,309,drone,7.717012,6.047329,-2.060732,2.738870,-0.289549,-0.210817,0.006033,2.373420,1.728060,-0.049453,-2.512263
sample,310,drone,7.741986,6.040839,-2.065457,2.739005,-0.232620,-0.169368,0.004847,2.176660,1.584802,-0.045353,-2.512263
sample,311,drone,7.766960,6.035710,-2.069192,2.739112,-0.180828,-0.131659,0.003768,1.961867,1.428414,-0.040878,-2.512263
sample,312,drone,7.791934,6.031807,-2.072033,2.739193,-0.134628,-0.098021,0.002805,1.728620,1.258589,-0.036018,-2.512263
sample,313,drone,7.816908,6.028986,-2.074088,2.739252,-0.094487,-0.068795,0.001969,1.476495,1.075019,-0.030765,-2.512263
sample,314,drone,7.841883,6.027088,-2.075470,2.739292,-0.060880,-0.044326,0.001269,1.205070,0.877398,-0.025109,-2.512263
sample,315,drone,7.866857,6.025945,-2.076302,2.739315,-0.034295,-0.024970,0.000715,0.913923,0.665417,-0.019043,-2.512263
sample,316,drone,7.891831,6.025375,-2.076717,2.739327,-0.015231,-0.011089,0.000317,0.603323,0.439355,-0.012798,-2.512263
sample,317,drone,7.916805,6.025184,-2.076856,2.739331,-0.004160,-0.003025,0.000075,0.403681,0.309565,-0.051628,-2.512907
sample,318,drone,7.941779,6.025167,-2.076868,2.739331,0.004932,0.004373,-0.002261,0.709615,0.608956,-0.269669,0.725343
sample,319,drone,7.966753,6.025430,-2.076637,2.739218,0.031284,0.027391,-0.013394,1.653663,1.446828,-0.705022,0.719158
sample,320,drone,7.991727,6.026730,-2.075500,2.738662,0.087530,0.076639,-0.037476,2.798961,2.450712,-1.198380,0.719158
sample,321,drone,8.016702,6.029802,-2.072809,2.737346,0.171087,0.149800,-0.073251,3.805698,3.332189,-1.629416,0.719158
sample,322,drone,8.041676,6.035275,-2.068018,2.735003,0.277618,0.243076,-0.118863,4.643072,4.065376,-1.987939,0.719158
sample,323,drone,8.066650,6.043669,-2.060668,2.731409,0.403000,0.352859,-0.172545,5.319670,4.657791,-2.277626,0.719158
sample,324,drone,8.091624,6.055404,-2.050393,2.726385,0.543326,0.475725,-0.232626,5.844079,5.116953,-2.502153,0.719158
sample,325,drone,8.116598,6.070807,-2.036906,2.719790,0.694902,0.608442,-0.297524,6.224885,5.450378,-2.665195,0.719158
sample,326,drone,8.141572,6.090113,-2.020002,2.711524,0.854249,0.747962,-0.365748,6.470673,5.665585,-2.770430,0.719158
sample,327,drone,8.166546,6.113475,-1.999547,2.701522,1.018101,0.891428,-0.435902,6.590030,5.770091,-2.821533,0.719158
sample,328,drone,8.191521,6.140966,-1.975477,2.689752,1.183410,1.036169,-0.506679,6.591541,5.771415,-2.822180,0.719158
sample,329,drone,8.216495,6.172585,-1.947792,2.676214,1.347338,1.179700,-0.576865,6.483793,5.677073,-2.776047,0.719158
sample,330,drone,8.241469,6.208263,-1.916553,2.660938,1.507264,1.319729,-0.645338,6.275373,5.494584,-2.686812,0.719158
sample,331,drone,8.266443,6.247870,-1.881874,2.643980,1.660782,1.454146,-0.711067,5.974865,5.231466,-2.558149,0.719158
sample,332,drone,8.291417,6.291216,-1.843921,2.625422,1.805698,1.581031,-0.773113,5.590857,4.895236,-2.393735,0.719158
sample,333,drone,8.316391,6.338061,-1.802904,2.605365,1.940036,1.698654,-0.830630,5.131934,4.493413,-2.197246,0.719158
sample,334,drone,8.341366,6.388118,-1.759076,2.583933,2.062030,1.805470,-0.882862,4.606682,4.033514,-1.972359,0.719158
sample,335,drone,8.366340,6.441056,-1.712724,2.561267,2.170131,1.900121,-0.929146,4.023687,3.523056,-1.722749,0.719158
sample,336,drone,8.391314,6.496512,-1.664168,2.537524,2.263006,1.981440,-0.968910,3.391537,2.969558,-1.452092,0.719158
sample,337,drone,8.416288,6.554090,-1.613754,2.512872,2.339533,2.048446,-1.001675,2.718815,2.380537,-1.164065,0.719158
sample,338,drone,8.441262,6.613368,-1.561852,2.487492,2.398806,2.100344,-1.027053,2.014110,1.763512,-0.862345,0.719158
sample,339,drone,8.466236,6.673906,-1.508846,2.461572,2.440134,2.136530,-1.044748,1.286006,1.126000,-0.550606,0.719158
sample,340,drone,8.491210,6.735248,-1.455136,2.435308,2.463040,2.156586,-1.054555,0.543091,0.475519,-0.232525,0.719158
sample,341,drone,8.516185,6.796931,-1.401128,2.408899,2.467261,2.160282,-1.056362,-0.206051,-0.180414,0.088221,0.719158
sample,342,drone,8.541159,6.858484,-1.347233,2.382545,2.452748,2.147575,-1.050148,-0.952832,-0.834280,0.407957,0.719158
sample,343,drone,8.566133,6.919441,-1.293860,2.356446,2.419668,2.118611,-1.035985,-1.688668,-1.478562,0.723006,0.719158
sample,344,drone,8.591107,6.979342,-1.241412,2.330799,2.368402,2.073723,-1.014035,-2.404971,-2.105742,1.029692,0.719158
sample,345,drone,8.616081,7.037739,-1.190281,2.305797,2.299544,2.013432,-0.984554,-3.093155,-2.708302,1.324340,0.719158
sample,346,drone,8.641055,7.094200,-1.140845,2.281622,2.213904,1.938448,-0.947887,-3.744635,-3.278724,1.603272,0.719158
sample,347,drone,8.666029,7.148320,-1.093459,2.258451,2.112506,1.849666,-0.904473,-4.350825,-3.809490,1.862813,0.719158
sample,348,drone,8.691004,7.199717,-1.048457,2.236446,1.996588,1.748170,-0.854843,-4.903137,-4.293084,2.099287,0.719158
sample,349,drone,8.715978,7.248046,-1.006141,2.215753,1.867603,1.635234,-0.799617,-5.392987,-4.721986,2.309017,0.719158
sample,350,drone,8.740952,7.293000,-0.966780,2.196506,1.727217,1.512315,-0.739511,-5.811788,-5.088679,2.488327,0.719158
sample,351,drone,8.765926,7.334317,-0.930604,2.178816,1.577314,1.381063,-0.675330,-6.150954,-5.385646,2.633542,0.719158
sample,352,drone,8.790900,7.371784,-0.897798,2.162774,1.419988,1.243311,-0.607970,-6.401899,-5.605368,2.740984,0.719158
sample,353,drone,8.815874,7.405243,-0.868502,2.148449,1.257550,1.101084,-0.538422,-6.556037,-5.740328,2.806978,0.719158
sample,354,drone,8.840848,7.434597,-0.842801,2.135881,1.092525,0.956592,-0.467766,-6.604781,-5.783007,2.827848,0.719158
sample,355,drone,8.865823,7.459813,-0.820722,2.125085,0.927652,0.812233,-0.397176,-6.539546,-5.725889,2.799918,0.719158
sample,356,drone,8.890797,7.480931,-0.802231,2.116043,0.765886,0.670593,-0.327915,-6.351746,-5.561455,2.719511,0.719158
sample,357,drone,8.915771,7.498068,-0.787227,2.108706,0.610393,0.534448,-0.261341,-6.032794,-5.282187,2.582951,0.719158
sample,358,drone,8.940745,7.511419,-0.775537,2.102989,0.464558,0.406757,-0.198901,-5.574104,-4.880568,2.386562,0.719158
sample,359,drone,8.965719,7.521272,-0.766910,2.098771,0.331976,0.290672,-0.142136,-4.967091,-4.349080,2.126668,0.719158
sample,360,drone,8.990693,7.528001,-0.761018,2.095890,0.216460,0.189528,-0.092678,-4.203167,-3.680205,1.799593,0.719158
sample,361,drone,9.015668,7.532083,-0.757444,2.094142,0.122035,0.106852,-0.052250,-3.273748,-2.866425,1.401661,0.719158
sample,362,drone,9.040642,7.534097,-0.755681,2.093280,0.052942,0.046355,-0.022667,-2.173896,-1.903208,0.930149,0.719158
sample,363,drone,9.065616,7.534728,-0.755128,2.093010,0.013453,0.011790,-0.005790,-1.108035,-0.957753,0.438359,0.719598
sample,364,drone,9.090590,7.534769,-0.755092,2.092991,-0.002402,-0.001483,-0.000772,-0.610063,-0.469827,0.074465,-2.588495
sample,365,drone,9.115564,7.534608,-0.755202,2.092971,-0.017019,-0.011677,-0.002071,-0.860701,-0.593884,-0.095130,-2.540218
sample,366,drone,9.140538,7.533918,-0.755675,2.092888,-0.045393,-0.031147,-0.005524,-1.413299,-0.969744,-0.171975,-2.540218
sample,367,drone,9.165512,7.532340,-0.756758,2.092695,-0.087611,-0.060115,-0.010661,-1.944457,-1.334201,-0.236608,-2.540218
sample,368,drone,9.190487,7.529542,-0.758678,2.092355,-0.142515,-0.097788,-0.017342,-2.429942,-1.667320,-0.295683,-2.540218
sample,369,drone,9.215461,7.525222,-0.761642,2.091829,-0.208982,-0.143394,-0.025430,-2.870994,-1.969951,-0.349352,-2.540218
sample,370,drone,9.240435,7.519104,-0.765840,2.091085,-0.285917,-0.196183,-0.034791,-3.268852,-2.242944,-0.397764,-2.540218
sample,371,drone,9.265409,7.510941,-0.771442,2.090092,-0.372256,-0.255426,-0.045297,-3.624757,-2.487150,-0.441072,-2.540218
sample,372,drone,9.290383,7.500511,-0.778598,2.088822,-0.466967,-0.320412,-0.056822,-3.939947,-2.703419,-0.479425,-2.540218
sample,373,drone,9.315357,7.487617,-0.787446,2.087253,-0.569049,-0.390457,-0.069244,-4.215662,-2.892603,-0.512975,-2.540218
sample,374,drone,9.340331,7.472088,-0.798101,2.085364,-0.677532,-0.464893,-0.082444,-4.453143,-3.055552,-0.541872,-2.540218
sample,375,drone,9.365306,7.453775,-0.810666,2.083135,-0.791476,-0.543076,-0.096309,-4.653628,-3.193116,-0.566268,-2.540218
sample,376,drone,9.390280,7.432555,-0.825227,2.080553,-0.909973,-0.624384,-0.110728,-4.818358,-3.306147,-0.586313,-2.540218
sample,377,drone,9.415254,7.408324,-0.841853,2.077605,-1.032145,-0.708213,-0.125595,-4.948573,-3.395494,-0.602158,-2.540218
sample,378,drone,9.440228,7.381001,-0.860601,2.074280,-1.157146,-0.793983,-0.140805,-5.045511,-3.462009,-0.613954,-2.540218
sample,379,drone,9.465202,7.350526,-0.881511,2.070572,-1.284160,-0.881134,-0.156261,-5.110413,-3.506542,-0.621851,-2.540218
sample,380,drone,9.490176,7.316859,-0.904612,2.066475,-1.412402,-0.969129,-0.171866,-5.144519,-3.529944,-0.626001,-2.540218
sample,381,drone,9.515150,7.279979,-0.929917,2.061987,-1.541120,-1.057449,-0.187528,-5.149067,-3.533065,-0.626555,-2.540218
sample,382,drone,9.540125,7.239883,-0.957430,2.057108,-1.669589,-1.145599,-0.203161,-5.125298,-3.516756,-0.623662,-2.540218
sample,383,drone,9.565099,7.196586,-0.987138,2.051840,-1.797119,-1.233105,-0.218679,-5.074452,-3.481868,-0.617475,-2.540218
sample,384,drone,9.590073,7.150120,-1.019021,2.046186,-1.923049,-1.319513,-0.234003,-4.997768,-3.429250,-0.608144,-2.540218
sample,385,drone,9.615047,7.100533,-1.053046,2.040152,-2.046749,-1.404390,-0.249055,-4.896486,-3.359755,-0.595820,-2.540218
sample,386,drone,9.640021,7.047888,-1.089168,2.033746,-2.167621,-1.487327,-0.263763,-4.771846,-3.274232,-0.580653,-2.540218
sample,387,drone,9.664995,6.992264,-1.127335,2.026977,-2.285095,-1.567932,-0.278058,-4.625087,-3.173533,-0.562795,-2.540218
sample,388,drone,9.689970,6.933752,-1.167484,2.019857,-2.398636,-1.645839,-0.291874,-4.457449,-3.058507,-0.542396,-2.540218
sample,389,drone,9.714944,6.872456,-1.209542,2.012399,-2.507737,-1.720700,-0.305149,-4.270172,-2.930005,-0.519608,-2.540218
sample,390,drone,9.739918,6.808494,-1.253430,2.004616,-2.611924,-1.792188,-0.317827,-4.064495,-2.788879,-0.494580,-2.540218
sample,391,drone,9.764892,6.741995,-1.299059,1.996524,-2.710752,-1.859999,-0.329853,-3.841658,-2.635978,-0.467465,-2.540218
sample,392,drone,9.789866,6.673097,-1.346333,1.988140,-2.803808,-1.923851,-0.341176,-3.602902,-2.472154,-0.438412,-2.540218
sample,393,drone,9.814840,6.601950,-1.395152,1.979483,-2.890710,-1.983479,-0.351751,-3.349465,-2.298256,-0.407573,-2.540218
sample,394,drone,9.839814,6.528711,-1.445405,1.970571,-2.971108,-2.038645,-0.361534,-3.082587,-2.115136,-0.375099,-2.540218
sample,395,drone,9.864789,6.453548,-1.496979,1.961425,-3.044680,-2.089127,-0.370486,-2.803508,-1.923645,-0.341140,-2.540218
sample,396,drone,9.889763,6.376634,-1.549753,1.952066,-3.111138,-2.134727,-0.378573,-2.513468,-1.724632,-0.305847,-2.540218
sample,397,drone,9.914737,6.298152,-1.603605,1.942516,-3.170224,-2.175269,-0.385763,-2.213706,-1.518948,-0.269371,-2.540218
sample,398,drone,9.939711,6.218287,-1.658404,1.932797,-3.221709,-2.210596,-0.392028,-1.905462,-1.307445,-0.231863,-2.540218
sample,399,drone,9.964685,6.137233,-1.714020,1.922934,-3.265398,-2.240574,-0.397344,-1.589976,-1.090972,-0.193473,-2.540218
sample,400,drone,9.989659,6.055186,-1.770317,1.912951,-3.301126,-2.265088,-0.401691,-1.268488,-0.870381,-0.154354,-2.540218
sample,401,drone,10.014633,5.972347,-1.827157,1.902871,-3.328757,-2.284048,-0.405054,-0.942237,-0.646522,-0.114654,-2.540218
sample,402,drone,10.039608,5.888920,-1.884401,1.892719,-3.348189,-2.297381,-0.407418,-0.612463,-0.420245,-0.074526,-2.540218
sample,403,drone,10.064582,5.805111,-1.941908,1.882521,-3.359349,-2.305038,-0.408776,-0.280405,-0.192402,-0.034121,-2.540218
sample,404,drone,10.089556,5.721127,-1.999534,1.872301,-3.362195,-2.306991,-0.409122,0.052696,0.036158,0.006412,-2.540218
sample,405,drone,10.114530,5.637175,-2.057138,1.862086,-3.356717,-2.303232,-0.408456,0.385601,0.264583,0.046921,-2.540218
sample,406,drone,10.139504,5.553464,-2.114577,1.851900,-3.342935,-2.293776,-0.406779,0.717071,0.492023,0.087255,-2.540218
sample,407,drone,10.164478,5.470201,-2.171708,1.841768,-3.320900,-2.278657,-0.404098,1.045865,0.717627,0.127264,-2.540218
sample,408,drone,10.189452,5.387591,-2.228392,1.831716,-3.290695,-2.257932,-0.400422,1.370743,0.940544,0.166796,-2.540218
sample,409,drone,10.214427,5.305836,-2.284488,1.821768,-3.252434,-2.231678,-0.395766,1.690467,1.159925,0.205701,-2.540218
sample,410,drone,10.239401,5.225137,-2.339860,1.811948,-3.206259,-2.199995,-0.390148,2.003797,1.374918,0.243828,-2.540218
sample,411,drone,10.264375,5.145689,-2.394374,1.802280,-3.152348,-2.163003,-0.383588,2.309492,1.584672,0.281026,-2.540218
sample,412,drone,10.289349,5.067683,-2.447898,1.792788,-3.090904,-2.120844,-0.376111,2.606313,1.788338,0.317144,-2.540218
sample,413,drone,10.314323,4.991304,-2.500306,1.783494,-3.022167,-2.073679,-0.367747,2.893020,1.985064,0.352032,-2.540218
sample,414,drone,10.339297,4.916731,-2.551475,1.774420,-2.946403,-2.021693,-0.358528,3.168374,2.174000,0.385538,-2.540218
sample,415,drone,10.364272,4.844136,-2.601287,1.765586,-2.863912,-1.965091,-0.348490,3.431135,2.354295,0.417511,-2.540218
sample,416,drone,10.389246,4.773683,-2.649628,1.757013,-2.775024,-1.904100,-0.337674,3.680063,2.525098,0.447802,-2.540218
sample,417,drone,10.414220,4.705528,-2.696393,1.748720,-2.680099,-1.838967,-0.326123,3.913918,2.685560,0.476258,-2.540218
sample,418,drone,10.439194,4.639817,-2.741481,1.740724,-2.579530,-1.769961,-0.313885,4.131462,2.834829,0.502729,-2.540218
sample,419,drone,10.464168,4.576685,-2.784800,1.733042,-2.473739,-1.697372,-0.301012,4.331453,2.972054,0.527065,-2.540218
sample,420,drone,10.489142,4.516258,-2.826262,1.725689,-2.363181,-1.621512,-0.287559,4.512653,3.096385,0.549114,-2.540218
sample,421,drone,10.514116,4.458648,-2.865791,1.718679,-2.248340,-1.542713,-0.273585,4.673821,3.206972,0.568725,-2.540218
sample,422,drone,10.539091,4.403957,-2.903318,1.712024,-2.129732,-1.461329,-0.259152,4.813718,3.302963,0.585748,-2.540218
sample,423,drone,10.564065,4.352272,-2.938782,1.705735,-2.007903,-1.377735,-0.244328,4.931105,3.383509,0.600032,-2.540218
sample,424,drone,10.589039,4.303666,-2.972134,1.699820,-1.883432,-1.292329,-0.229182,5.024741,3.447758,0.611426,-2.540218
sample,425,drone,10.614013,4.258198,-3.003332,1.694288,-1.756926,-1.205526,-0.213788,5.093387,3.494859,0.619779,-2.540218
sample,426,drone,10.638987,4.215910,-3.032348,1.689142,-1.629026,-1.117766,-0.198225,5.135803,3.523963,0.624941,-2.540218
sample,427,drone,10.663961,4.176831,-3.059162,1.684387,-1.500401,-1.029510,-0.182574,5.150749,3.534219,0.626759,-2.540218
sample,428,drone,10.688935,4.140968,-3.083770,1.680023,-1.371755,-0.941238,-0.166919,5.136986,3.524776,0.625085,-2.540218
sample,429,drone,10.713910,4.108314,-3.106176,1.676049,-1.243818,-0.853453,-0.151352,5.093274,3.494782,0.619766,-2.540218
sample,430,drone,10.738884,4.078841,-3.126398,1.672463,-1.117354,-0.766680,-0.135963,5.018374,3.443389,0.610651,-2.540218
sample,431,drone,10.763858,4.052504,-3.144470,1.669258,-0.993158,-0.681462,-0.120851,4.911045,3.369744,0.597591,-2.540218
sample,432,drone,10.788832,4.029235,-3.160436,1.666427,-0.872056,-0.598367,-0.106114,4.770048,3.272998,0.580434,-2.540218
sample,433,drone,10.813806,4.008946,-3.174357,1.663958,-0.754903,-0.517981,-0.091859,4.594143,3.152300,0.559030,-2.540218
sample,434,drone,10.838780,3.991529,-3.186309,1.661838,-0.642586,-0.440915,-0.078192,4.382090,3.006799,0.533226,-2.540218
sample,435,drone,10.863754,3.976850,-3.196380,1.660052,-0.536025,-0.367797,-0.065225,4.132651,2.835644,0.502874,-2.540218
sample,436,drone,10.888729,3.964755,-3.204679,1.658581,-0.436167,-0.299279,-0.053074,3.844584,2.637986,0.467821,-2.540218
sample,437,drone,10.913703,3.955064,-3.211329,1.657401,-0.343994,-0.236034,-0.041858,3.516651,2.412972,0.427917,-2.540218
sample,438,drone,10.938677,3.947573,-3.216469,1.656490,-0.260517,-0.178755,-0.031700,3.147611,2.159753,0.383011,-2.540218
sample,439,drone,10.963651,3.942052,-3.220257,1.655818,-0.186776,-0.128158,-0.022728,2.736225,1.877478,0.332952,-2.540218
sample,440,drone,10.988625,3.938244,-3.222870,1.655355,-0.123847,-0.084978,-0.015070,2.281254,1.565297,0.277590,-2.540218
sample,441,drone,11.013599,3.935866,-3.224502,1.655065,-0.072832,-0.049974,-0.008862,1.781457,1.222358,0.216773,-2.540218
sample,442,drone,11.038574,3.934606,-3.225366,1.654912,-0.034866,-0.023924,-0.004243,1.235595,0.847811,0.150351,-2.540218
sample,443,drone,11.063548,3.934124,-3.225697,1.654853,-0.011116,-0.007627,-0.001353,0.674290,0.460198,0.082010,-2.540218
sample,444,drone,11.088522,3.934051,-3.225747,1.654844,-0.001186,-0.000937,-0.000146,0.269590,0.164595,0.032481,-2.472896
sample,445,drone,11.113496,3.934065,-3.225744,1.654846,0.002350,0.000594,0.000270,0.177545,0.057650,0.020585,0.247627
sample,446,drone,11.138470,3.934168,-3.225718,1.654858,0.007682,0.001942,0.000882,0.283182,0.071594,0.032510,0.247631
sample,447,drone,11.163444,3.934449,-3.225647,1.654890,0.016494,0.004170,0.001894,0.420087,0.106206,0.048226,0.247631
sample,448,drone,11.188418,3.934992,-3.225509,1.654952,0.028664,0.007247,0.003291,0.552087,0.139579,0.063380,0.247631
sample,449,drone,11.213393,3.935881,-3.225285,1.655054,0.044070,0.011142,0.005059,0.679242,0.171726,0.077978,0.247631
sample,450,drone,11.238367,3.937193,-3.224953,1.655205,0.062591,0.015824,0.007186,0.801607,0.202662,0.092025,0.247631
sample,451,drone,11.263341,3.939007,-3.224494,1.655413,0.084109,0.021264,0.009656,0.919241,0.232402,0.105530,0.247631
sample,452,drone,11.288315,3.941395,-3.223891,1.655687,0.108506,0.027432,0.012457,1.032200,0.260961,0.118498,0.247631
sample,453,drone,11.313289,3.944427,-3.223124,1.656036,0.135665,0.034299,0.015575,1.140544,0.288352,0.130936,0.247631
sample,454,drone,11.338263,3.948171,-3.222177,1.656465,0.165474,0.041835,0.018997,1.244328,0.314591,0.142850,0.247631
sample,455,drone,11.363237,3.952692,-3.221034,1.656984,0.197818,0.050012,0.022710,1.343611,0.339692,0.154248,0.247631
sample,456,drone,11.388212,3.958051,-3.219679,1.657600,0.232585,0.058802,0.026701,1.438450,0.363669,0.165136,0.247631
sample,457,drone,11.413186,3.964309,-3.218097,1.658318,0.269666,0.068177,0.030958,1.528903,0.386537,0.175520,0.247631
sample,458,drone,11.438160,3.971521,-3.216274,1.659146,0.308951,0.078109,0.035468,1.615027,0.408311,0.185407,0.247631
sample,459,drone,11.463134,3.979741,-3.214196,1.660090,0.350334,0.088571,0.040219,1.696879,0.429005,0.194804,0.247631
sample,460,drone,11.488108,3.989019,-3.211850,1.661155,0.393707,0.099537,0.045198,1.774518,0.448634,0.203717,0.247631
sample,461,drone,11.513082,3.999406,-3.209224,1.662347,0.438968,0.110980,0.050394,1.848001,0.467212,0.212152,0.247631
sample,462,drone,11.538056,4.010945,-3.206307,1.663672,0.486012,0.122874,0.055795,1.917384,0.484753,0.220118,0.247631
sample,463,drone,11.563031,4.023681,-3.203087,1.665134,0.534738,0.135192,0.061388,1.982727,0.501273,0.227619,0.247631
sample,464,drone,11.588005,4.037654,-3.199554,1.666738,0.585046,0.147911,0.067164,2.044086,0.516786,0.234663,0.247631
sample,465,drone,11.612979,4.052903,-3.195699,1.668489,0.636836,0.161005,0.073109,2.101518,0.531306,0.241256,0.247631
sample,466,drone,11.637953,4.069463,-3.191512,1.670390,0.690013,0.174449,0.079214,2.155082,0.544848,0.247406,0.247631
sample,467,drone,11.662927,4.087368,-3.186986,1.672445,0.744479,0.188219,0.085467,2.204835,0.557426,0.253117,0.247631
sample,468,drone,11.687901,4.106649,-3.182111,1.674659,0.800141,0.202292,0.091857,2.250834,0.569056,0.258398,0.247631
sample,469,drone,11.712876,4.127334,-3.176881,1.677033,0.856904,0.216643,0.098374,2.293137,0.579751,0.263254,0.247631
sample,470,drone,11.737850,4.149450,-3.171290,1.679572,0.914679,0.231249,0.105006,2.331801,0.589526,0.267693,0.247631
sample,471,drone,11.762824,4.173020,-3.165331,1.682278,0.973374,0.246088,0.111744,2.366884,0.598396,0.271721,0.247631
sample,472,drone,11.787798,4.198068,-3.158998,1.685154,1.032901,0.261138,0.118578,2.398444,0.606375,0.275344,0.247631
sample,473,drone,11.812772,4.224612,-3.152288,1.688201,1.093172,0.276376,0.125497,2.426537,0.613477,0.278569,0.247631
sample,474,drone,11.837746,4.252670,-3.145194,1.691422,1.154102,0.291780,0.132492,2.451222,0.619718,0.281403,0.247631
sample,475,drone,11.862720,4.282257,-3.137714,1.694819,1.215606,0.307330,0.139553,2.472556,0.625112,0.283852,0.247631
sample,476,drone,11.887695,4.313387,-3.129843,1.698393,1.277602,0.323003,0.146670,2.490597,0.629673,0.285923,0.247631
sample,477,drone,11.912669,4.346071,-3.121580,1.702145,1.340007,0.338781,0.153834,2.505402,0.633416,0.287623,0.247631
sample,478,drone,11.937643,4.380319,-3.112922,1.706076,1.402743,0.354641,0.161036,2.517028,0.636355,0.288957,0.247631
sample,479,drone,11.962617,4.416136,-3.103866,1.710188,1.465729,0.370566,0.168267,2.525533,0.638505,0.289934,0.247631
sample,480,drone,11.987591,4.453529,-3.094413,1.714481,1.528889,0.386534,0.175518,2.530975,0.639881,0.290559,0.247631
sample,481,drone,12.012565,4.492501,-3.084560,1.718955,1.592147,0.402527,0.182780,2.533411,0.640497,0.290838,0.247631
sample,482,drone,12.037539,4.533054,-3.074307,1.723611,1.655428,0.418525,0.190045,2.532898,0.640367,0.290779,0.247631
sample,483,drone,12.062514,4.575187,-3.063655,1.728447,1.718661,0.434512,0.197304,2.529495,0.639507,0.290389,0.247631
sample,484,drone,12.087488,4.618898,-3.052604,1.733466,1.781772,0.450468,0.204549,2.523258,0.637930,0.289673,0.247631
sample,485,drone,12.112462,4.664184,-3.041155,1.738664,1.844693,0.466375,0.211773,2.514246,0.635652,0.288638,0.247631
sample,486,drone,12.137436,4.711038,-3.029309,1.744043,1.907354,0.482217,0.218966,2.502515,0.632686,0.287291,0.247631
sample,487,drone,12.162410,4.759453,-3.017069,1.749601,1.969689,0.497977,0.226122,2.488123,0.629047,0.285639,0.247631
sample,488,drone,12.187384,4.809420,-3.004436,1.755338,2.031632,0.513637,0.233233,2.471129,0.624751,0.283688,0.247631
sample,489,drone,12.212359,4.860929,-2.991414,1.761251,2.093118,0.529182,0.240292,2.451588,0.619811,0.281445,0.247631
sample,490,drone,12.237333,4.913968,-2.978005,1.767340,2.154085,0.544596,0.247291,2.429559,0.614241,0.278916,0.247631
sample,491,drone,12.262307,4.968522,-2.964212,1.773603,2.214470,0.559862,0.254223,2.405100,0.608057,0.276108,0.247631
sample,492,drone,12.287281,5.024577,-2.950040,1.780038,2.274215,0.574967,0.261082,2.378267,0.601274,0.273028,0.247631
sample,493,drone,12.312255,5.082115,-2.935494,1.786643,2.333261,0.589895,0.267861,2.349119,0.593904,0.269681,0.247631
sample,494,drone,12.337229,5.141119,-2.920576,1.793417,2.391550,0.604632,0.274552,2.317713,0.585964,0.266076,0.247631
sample,495,drone,12.362203,5.201569,-2.905293,1.800357,2.449027,0.619163,0.281151,2.284106,0.577468,0.262218,0.247631
sample,496,drone,12.387178,5.263444,-2.889650,1.807460,2.505637,0.633475,0.287650,2.248356,0.568429,0.258114,0.247631
sample,497,drone,12.412152,5.326722,-2.873652,1.814724,2.561328,0.647555,0.294043,2.210520,0.558864,0.253770,0.247631
sample,498,drone,12.437126,5.391378,-2.857306,1.822147,2.616049,0.661390,0.300325,2.170656,0.548785,0.249194,0.247631
sample,499,drone,12.462100,5.457389,-2.840617,1.829725,2.669749,0.674966,0.306490,2.128822,0.538209,0.244391,0.247631
sample,500,drone,12.487074,5.524727,-2.823592,1.837456,2.722380,0.688272,0.312532,2.085074,0.527149,0.239369,0.247631
sample,501,drone,12.512048,5.593367,-2.806239,1.845336,2.773895,0.701296,0.318446,2.039472,0.515619,0.234133,0.247631
sample,502,drone,12.537022,5.663279,-2.788564,1.853362,2.824248,0.714026,0.324227,1.992071,0.503635,0.228692,0.247631
sample,503,drone,12.561997,5.734433,-2.770574,1.861530,2.873395,0.726452,0.329869,1.942930,0.491212,0.223050,0.247631
sample,504,drone,12.586971,5.806800,-2.752279,1.869838,2.921294,0.738562,0.335368,1.892105,0.478362,0.217216,0.247631
sample,505,drone,12.611945,5.880347,-2.733685,1.878281,2.967903,0.750345,0.340718,1.839656,0.465102,0.211194,0.247631
sample,506,drone,12.636919,5.955042,-2.714800,1.886856,3.013182,0.761793,0.345916,1.785638,0.451445,0.204993,0.247631
sample,507,drone,12.661893,6.030850,-2.695634,1.895559,3.057092,0.772894,0.350957,1.730111,0.437407,0.198618,0.247631
sample,508,drone,12.686867,6.107738,-2.676196,1.904386,3.099598,0.783640,0.355837,1.673130,0.423001,0.192077,0.247631
sample,509,drone,12.711841,6.185670,-2.656493,1.913333,3.140662,0.794022,0.360551,1.614754,0.408242,0.185375,0.247631
sample,510,drone,12.736816,6.264609,-2.636535,1.922395,3.180252,0.804031,0.365096,1.555040,0.393145,0.178520,0.247631
sample,511,drone,12.761790,6.344518,-2.616333,1.931568,3.218334,0.813659,0.369468,1.494046,0.377725,0.171518,0.247631
sample,512,drone,12.786764,6.425359,-2.595895,1.940849,3.254877,0.822898,0.373663,1.431829,0.361995,0.164375,0.247631
sample,513,drone,12.811738,6.507094,-2.575230,1.950232,3.289851,0.831740,0.377678,1.368446,0.345971,0.157099,0.247631
sample,514,drone,12.836712,6.589682,-2.554351,1.959714,3.323228,0.840179,0.381510,1.303956,0.329666,0.149696,0.247631
sample,515,drone,12.861686,6.673083,-2.533265,1.969288,3.354982,0.848207,0.385155,1.238416,0.313096,0.142171,0.247631
sample,516,drone,12.886661,6.757257,-2.511984,1.978951,3.385085,0.855817,0.388611,1.171883,0.296276,0.134533,0.247631
sample,517,drone,12.911635,6.842162,-2.490518,1.988699,3.413515,0.863005,0.391875,1.104415,0.279218,0.126788,0.247631
sample,518,drone,12.936609,6.927757,-2.468878,1.998525,3.440249,0.869764,0.394944,1.036069,0.261939,0.118942,0.247631
sample,519,drone,12.961583,7.013997,-2.447075,2.008425,3.465265,0.876088,0.397816,0.966904,0.244453,0.111002,0.247631
sample,520,drone,12.986557,7.100841,-2.425119,2.018395,3.488544,0.881974,0.400488,0.896975,0.226773,0.102974,0.247631
sample,521,drone,13.011531,7.188244,-2.403022,2.028429,3.510067,0.887415,0.402959,0.826341,0.208916,0.094865,0.247631
sample,522,drone,13.036505,7.276163,-2.380794,2.038522,3.529818,0.892409,0.405227,0.755060,0.190894,0.086682,0.247631
sample,523,drone,13.061480,7.364552,-2.358448,2.048669,3.547781,0.896950,0.407289,0.683189,0.172724,0.078431,0.247631
sample,524,drone,13.086454,7.453368,-2.335993,2.058866,3.563942,0.901036,0.409144,0.610785,0.154419,0.070119,0.247631
sample,525,drone,13.111428,7.542565,-2.313443,2.069106,3.578289,0.904663,0.410791,0.537906,0.135993,0.061752,0.247631
sample,526,drone,13.136402,7.632098,-2.290807,2.079384,3.590810,0.907829,0.412229,0.464610,0.117463,0.053338,0.247631
sample,527,drone,13.161376,7.721920,-2.268098,2.089696,3.601496,0.910530,0.413455,0.390954,0.098841,0.044882,0.247631
sample,528,drone,13.186350,7.811986,-2.245327,2.100035,3.610337,0.912766,0.414470,0.316995,0.080143,0.036391,0.247631
sample,529,drone,13.211324,7.902250,-2.222507,2.110398,3.617329,0.914533,0.415273,0.242791,0.061382,0.027873,0.247631
sample,530,drone,13.236299,7.992666,-2.199648,2.120778,3.622464,0.915832,0.415863,0.168400,0.042575,0.019332,0.247631
sample,531,drone,13.261273,8.083186,-2.176763,2.131169,3.625740,0.916660,0.416239,0.093879,0.023734,0.010777,0.247631
sample,532,drone,13.286247,8.173765,-2.153863,2.141568,3.627154,0.917017,0.416401,0.019285,0.004876,0.002214,0.247631
sample,533,drone,13.311221,8.264356,-2.130959,2.151968,3.626703,0.916903,0.416349,-0.055323,-0.013987,-0.006351,0.247631
sample,534,drone,13.336195,8.354913,-2.108065,2.162364,3.624390,0.916318,0.416084,-0.129889,-0.032838,-0.014911,0.247631
sample,535,drone,13.361169,8.445388,-2.085191,2.172751,3.620216,0.915263,0.415604,-0.204354,-0.051665,-0.023460,0.247631
sample,536,drone,13.386143,8.535736,-2.062349,2.183123,3.614183,0.913738,0.414912,-0.278662,-0.070451,-0.031991,0.247631
sample,537,drone,13.411118,8.625911,-2.039551,2.193475,3.606297,0.911744,0.414007,-0.352755,-0.089183,-0.040497,0.247631
sample,538,drone,13.436092,8.715865,-2.016809,2.203802,3.596564,0.909283,0.412889,-0.426575,-0.107847,-0.048971,0.247631
sample,539,drone,13.461066,8.805553,-1.994134,2.214098,3.584990,0.906357,0.411561,-0.500064,-0.126426,-0.057408,0.247631
sample,540,drone,13.486040,8.894929,-1.971538,2.224358,3.571586,0.902969,0.410022,-0.573166,-0.144908,-0.065800,0.247631
sample,541,drone,13.511014,8.983948,-1.949032,2.234578,3.556362,0.899119,0.408274,-0.645823,-0.163277,-0.074141,0.247631
sample,542,drone,13.535988,9.072563,-1.926628,2.244751,3.539328,0.894813,0.406319,-0.717976,-0.181519,-0.082424,0.247631
sample,543,drone,13.560963,9.160731,-1.904338,2.254873,3.520500,0.890053,0.404157,-0.789570,-0.199619,-0.090643,0.247631
sample,544,drone,13.585937,9.248406,-1.882172,2.264938,3.499891,0.884843,0.401791,-0.860545,-0.217563,-0.098791,0.247631
sample,545,drone,13.610911,9.335545,-1.860141,2.274941,3.477517,0.879186,0.399223,-0.930846,-0.235336,-0.106862,0.247631
sample,546,drone,13.635885,9.422102,-1.838258,2.284878,3.453397,0.873088,0.396453,-1.000413,-0.252924,-0.114848,0.247631
sample,547,drone,13.660859,9.508036,-1.816532,2.294744,3.427548,0.866553,0.393486,-1.069190,-0.270313,-0.122744,0.247631
sample,548,drone,13.685833,9.593302,-1.794975,2.304532,3.399992,0.859586,0.390323,-1.137119,-0.287486,-0.130542,0.247631
sample,549,drone,13.710807,9.677860,-1.773597,2.314240,3.370751,0.852193,0.386966,-1.204142,-0.304431,-0.138237,0.247631
sample,550,drone,13.735782,9.761666,-1.752409,2.323861,3.339848,0.844380,0.383418,-1.270203,-0.321133,-0.145821,0.247631
sample,551,drone,13.760756,9.844679,-1.731422,2.333391,3.307307,0.836153,0.379682,-1.335243,-0.337576,-0.153287,0.247631
sample,552,drone,13.785730,9.926860,-1.710645,2.342825,3.273155,0.827519,0.375762,-1.399205,-0.353747,-0.160630,0.247631
sample,553,drone,13.810704,10.008168,-1.690089,2.352159,3.237419,0.818484,0.371659,-1.462032,-0.369631,-0.167843,0.247631
sample,554,drone,13.835678,10.088564,-1.669763,2.361389,3.200129,0.809057,0.367378,-1.523665,-0.385213,-0.174918,0.247631
sample,555,drone,13.860652,10.168009,-1.649678,2.370509,3.161314,0.799244,0.362922,-1.584048,-0.400479,-0.181850,0.247631
sample,556,drone,13.885626,10.246466,-1.629842,2.379516,3.121008,0.789053,0.358295,-1.643123,-0.415414,-0.188632,0.247631
sample,557,drone,13.910601,10.323898,-1.610266,2.388405,3.079243,0.778494,0.353500,-1.700832,-0.430004,-0.195257,0.247631
sample,558,drone,13.935575,10.400269,-1.590958,2.397173,3.036054,0.767575,0.348542,-1.757118,-0.444235,-0.201719,0.247631
sample,559,drone,13.960549,10.475544,-1.571927,2.405814,2.991478,0.756306,0.343425,-1.811924,-0.458091,-0.208011,0.247631
sample,560,drone,13.985523,10.549688,-1.553182,2.414326,2.945552,0.744695,0.338152,-1.865191,-0.471558,-0.214126,0.247631
sample,561,drone,14.010497,10.622669,-1.534731,2.422705,2.898315,0.732752,0.332730,-1.916863,-0.484621,-0.220058,0.247631
sample,562,drone,14.035471,10.694454,-1.516582,2.430946,2.849808,0.720489,0.327161,-1.966881,-0.497267,-0.225800,0.247631
sample,563,drone,14.060445,10.765012,-1.498743,2.439046,2.800073,0.707914,0.321451,-2.015189,-0.509480,-0.231346,0.247631
sample,564,drone,14.085420,10.834313,-1.481223,2.447002,2.749153,0.695041,0.315606,-2.061728,-0.521246,-0.236689,0.247631
sample,565,drone,14.110394,10.902327,-1.464027,2.454810,2.697093,0.681879,0.309629,-2.106442,-0.532551,-0.241822,0.247631
sample,566,drone,14.135368,10.969028,-1.447164,2.462467,2.643939,0.668441,0.303527,-2.149272,-0.543379,-0.246739,0.247631
sample,567,drone,14.160342,11.034388,-1.430640,2.469970,2.589740,0.654738,0.297305,-2.190162,-0.553717,-0.251433,0.247631
sample,568,drone,14.185316,11.098381,-1.414461,2.477317,2.534545,0.640784,0.290968,-2.229053,-0.563549,-0.255898,0.247631
sample,569,drone,14.210290,11.160984,-1.398634,2.484504,2.478403,0.626590,0.284523,-2.265889,-0.572862,-0.260126,0.247631
sample,570,drone,14.235265,11.222173,-1.383164,2.491528,2.421367,0.612170,0.277975,-2.300611,-0.581640,-0.264112,0.247631
sample,571,drone,14.260239,11.281927,-1.368057,2.498388,2.363491,0.597538,0.271331,-2.333162,-0.589870,-0.267849,0.247631
sample,572,drone,14.285213,11.340225,-1.353318,2.505081,2.304830,0.582707,0.264597,-2.363485,-0.597536,-0.271330,0.247631
sample,573,drone,14.310187,11.397049,-1.338952,2.511604,2.245439,0.567692,0.257779,-2.391522,-0.604625,-0.274549,0.247631
sample,574,drone,14.335161,11.452381,-1.324963,2.517956,2.185377,0.552507,0.250884,-2.417215,-0.611120,-0.277499,0.247631
sample,575,drone,14.360135,11.506205,-1.311355,2.524135,2.124703,0.537168,0.243918,-2.440507,-0.617009,-0.280173,0.247631
sample,576,drone,14.385109,11.558507,-1.298132,2.530140,2.063478,0.521689,0.236889,-2.461341,-0.622276,-0.282565,0.247631
sample,577,drone,14.410084,11.609272,-1.285297,2.535968,2.001764,0.506086,0.229805,-2.479659,-0.626908,-0.284667,0.247631
sample,578,drone,14.435058,11.658491,-1.272854,2.541618,1.939623,0.490376,0.222671,-2.495404,-0.630888,-0.286475,0.247631
sample,579,drone,14.460032,11.706153,-1.260804,2.547090,1.877122,0.474574,0.215496,-2.508517,-0.634203,-0.287980,0.247631
sample,580,drone,14.485006,11.752250,-1.249150,2.552382,1.814327,0.458698,0.208287,-2.518942,-0.636839,-0.289177,0.247631
sample,581,drone,14.509980,11.796776,-1.237893,2.557493,1.751306,0.442765,0.201052,-2.526621,-0.638780,-0.290059,0.247631
sample,582,drone,14.534954,11.839725,-1.227034,2.562424,1.688127,0.426792,0.193799,-2.531496,-0.640013,-0.290618,0.247631
sample,583,drone,14.559928,11.881095,-1.216575,2.567173,1.624862,0.410798,0.186536,-2.533510,-0.640522,-0.290850,0.247631
sample,584,drone,14.584903,11.920884,-1.206516,2.571741,1.561582,0.394799,0.179271,-2.532606,-0.640293,-0.290746,0.247631
sample,585,drone,14.609877,11.959093,-1.196856,2.576128,1.498362,0.378816,0.172014,-2.528725,-0.639312,-0.290300,0.247631
sample,586,drone,14.634851,11.995725,-1.187595,2.580333,1.435277,0.362867,0.164771,-2.521811,-0.637564,-0.289506,0.247631
sample,587,drone,14.659825,12.030783,-1.178731,2.584358,1.372402,0.346971,0.157553,-2.511805,-0.635035,-0.288358,0.247631
sample,588,drone,14.684799,12.064274,-1.170264,2.588202,1.309816,0.331148,0.150368,-2.498651,-0.631709,-0.286848,0.247631
sample,589,drone,14.709773,12.096206,-1.162191,2.591868,1.247599,0.315418,0.143226,-2.482290,-0.627573,-0.284969,0.247631
sample,590,drone,14.734747,12.126589,-1.154509,2.595356,1.185830,0.299802,0.136135,-2.462666,-0.622611,-0.282717,0.247631
sample,591,drone,14.759722,12.155436,-1.147216,2.598668,1.124593,0.284320,0.129104,-2.439720,-0.616810,-0.280082,0.247631
sample,592,drone,14.784696,12.182761,-1.140308,2.601805,1.063970,0.268993,0.122145,-2.413396,-0.610155,-0.277060,0.247631
sample,593,drone,14.809670,12.208580,-1.133781,2.604769,1.004048,0.253843,0.115266,-2.383635,-0.602631,-0.273644,0.247631
sample,594,drone,14.834644,12.232911,-1.127629,2.607562,0.944912,0.238893,0.108477,-2.350381,-0.594223,-0.269826,0.247631
sample,595,drone,14.859618,12.255777,-1.121848,2.610187,0.886650,0.224163,0.101788,-2.313575,-0.584918,-0.265601,0.247631
sample,596,drone,14.884592,12.277198,-1.116432,2.612646,0.829353,0.209677,0.095211,-2.273160,-0.574700,-0.260961,0.247631
sample,597,drone,14.909567,12.297201,-1.111375,2.614943,0.773110,0.195458,0.088754,-2.229079,-0.563556,-0.255901,0.247631
sample,598,drone,14.934541,12.315814,-1.106670,2.617079,0.718014,0.181528,0.082429,-2.181274,-0.551470,-0.250412,0.247631
sample,599,drone,14.959515,12.333065,-1.102308,2.619060,0.664159,0.167913,0.076246,-2.129687,-0.538428,-0.244490,0.247631
sample,600,drone,14.984489,12.348987,-1.098283,2.620888,0.611640,0.154635,0.070217,-2.074262,-0.524415,-0.238127,0.247631
sample,601,drone,15.009463,12.363615,-1.094584,2.622567,0.560553,0.141719,0.064352,-2.014940,-0.509417,-0.231317,0.247631
sample,602,drone,15.034437,12.376986,-1.091204,2.624102,0.510997,0.129190,0.058663,-1.951664,-0.493420,-0.224053,0.247631
sample,603,drone,15.059411,12.389139,-1.088132,2.625497,0.463071,0.117074,0.053161,-1.884377,-0.476408,-0.216328,0.247631
sample,604,drone,15.084386,12.400116,-1.085356,2.626757,0.416876,0.105395,0.047858,-1.813020,-0.458368,-0.208137,0.247631
sample,605,drone,15.109360,12.409961,-1.082867,2.627888,0.372514,0.094179,0.042765,-1.737537,-0.439284,-0.199471,0.247631
sample,606,drone,15.134334,12.418722,-1.080652,2.628893,0.330089,0.083453,0.037895,-1.657870,-0.419143,-0.190325,0.247631
sample,607,drone,15.159308,12.426448,-1.078699,2.629780,0.289706,0.073243,0.033259,-1.573961,-0.397929,-0.180692,0.247631
sample,608,drone,15.184282,12.433192,-1.076994,2.630555,0.251472,0.063577,0.028869,-1.485754,-0.375628,-0.170566,0.247631
sample,609,drone,15.209256,12.439009,-1.075523,2.631222,0.215495,0.054481,0.024739,-1.393189,-0.352226,-0.159940,0.247631
sample,610,drone,15.234230,12.443956,-1.074273,2.631790,0.181884,0.045984,0.020881,-1.296211,-0.327708,-0.148806,0.247631
sample,611,drone,15.259205,12.448094,-1.073227,2.632265,0.150751,0.038113,0.017306,-1.194761,-0.302059,-0.137160,0.247631
sample,612,drone,15.284179,12.451486,-1.072369,2.632655,0.122208,0.030897,0.014030,-1.088781,-0.275266,-0.124993,0.247631
sample,613,drone,15.309153,12.454198,-1.071683,2.632966,0.096369,0.024364,0.011063,-0.978215,-0.247312,-0.112300,0.247631
sample,614,drone,15.334127,12.456299,-1.071152,2.633207,0.073348,0.018544,0.008420,-0.863005,-0.218185,-0.099074,0.247631
sample,615,drone,15.359101,12.457861,-1.070757,2.633387,0.053263,0.013466,0.006115,-0.743093,-0.187869,-0.085308,0.247631
sample,616,drone,15.384075,12.458959,-1.070480,2.633513,0.036232,0.009160,0.004159,-0.618421,-0.156349,-0.070995,0.247631
sample,617,drone,15.409049,12.459671,-1.070300,2.633594,0.022374,0.005657,0.002569,-0.488933,-0.123612,-0.056130,0.247631
sample,618,drone,15.434024,12.460077,-1.070197,2.633641,0.011810,0.002986,0.001356,-0.354571,-0.089643,-0.040705,0.247631
sample,619,drone,15.458998,12.460261,-1.070150,2.633662,0.004664,0.001179,0.000535,-0.210232,-0.047507,-0.027986,0.247631
sample,620,drone,15.483972,12.460310,-1.070138,2.633668,0.001310,0.000613,-0.000042,0.055798,0.156874,-0.091007,0.437766
sample,621,drone,15.508946,12.460326,-1.070120,2.633660,0.007451,0.009015,-0.004010,0.630080,0.784884,-0.354515,0.880094
sample,622,drone,15.533920,12.460682,-1.069688,2.633467,0.032781,0.039817,-0.017749,1.459627,1.773598,-0.790799,0.882007
sample,623,drone,15.558894,12.461964,-1.068131,2.632773,0.080357,0.097603,-0.043509,2.296846,2.789797,-1.243633,0.882007
sample,624,drone,15.583869,12.464696,-1.064813,2.631294,0.147505,0.179162,-0.079867,3.024805,3.673992,-1.637788,0.882007
sample,625,drone,15.608843,12.469331,-1.059182,2.628784,0.231441,0.281113,-0.125314,3.643719,4.425738,-1.972900,0.882007
sample,626,drone,15.633817,12.476256,-1.050772,2.625035,0.329502,0.400220,-0.178410,4.158489,5.050988,-2.251624,0.882007
sample,627,drone,15.658791,12.485789,-1.039192,2.619873,0.439150,0.533401,-0.237779,4.574016,5.555696,-2.476612,0.882007
sample,628,drone,15.683765,12.498191,-1.024129,2.613158,0.557967,0.677718,-0.302112,4.895204,5.945817,-2.650520,0.882007
sample,629,drone,15.708739,12.513659,-1.005341,2.604783,0.683657,0.830384,-0.370168,5.126953,6.227305,-2.776001,0.882007
sample,630,drone,15.733713,12.532338,-0.982653,2.594669,0.814049,0.988761,-0.440769,5.274166,6.406113,-2.855710,0.882007
sample,631,drone,15.758688,12.554319,-0.955954,2.582767,0.947093,1.150359,-0.512806,5.341745,6.488195,-2.892301,0.882007
sample,632,drone,15.783662,12.579644,-0.925194,2.569055,1.080860,1.312835,-0.585234,5.334591,6.479506,-2.888427,0.882007
sample,633,drone,15.808636,12.608306,-0.890380,2.553536,1.213546,1.473999,-0.657078,5.257607,6.385999,-2.846744,0.882007
sample,634,drone,15.833610,12.640258,-0.851571,2.536235,1.343469,1.631805,-0.727424,5.115694,6.213629,-2.769905,0.882007
sample,635,drone,15.858584,12.675410,-0.808874,2.517202,1.469067,1.784359,-0.795430,4.913755,5.968349,-2.660564,0.882007
sample,636,drone,15.883558,12.713636,-0.762445,2.496505,1.588902,1.929914,-0.860315,4.656690,5.656114,-2.521376,0.882007
sample,637,drone,15.908532,12.754773,-0.712478,2.474231,1.701660,2.066872,-0.921368,4.349404,5.282877,-2.354995,0.882007
sample,638,drone,15.933507,12.798631,-0.659208,2.450484,1.806148,2.193785,-0.977943,3.996796,4.854593,-2.164075,0.882007
sample,639,drone,15.958481,12.844987,-0.602903,2.425384,1.901293,2.309351,-1.029460,3.603770,4.377214,-1.951270,0.882007
sample,640,drone,15.983455,12.893597,-0.543860,2.399064,1.986150,2.412419,-1.075406,3.175226,3.856697,-1.719234,0.882007
sample,641,drone,16.008429,12.944192,-0.482406,2.371670,2.059891,2.501986,-1.115333,2.716068,3.298993,-1.470622,0.882007
sample,642,drone,16.033403,12.996485,-0.418890,2.343356,2.121813,2.577198,-1.148861,2.231197,2.710058,-1.208087,0.882007
sample,643,drone,16.058377,13.050173,-0.353680,2.314286,2.171335,2.637349,-1.175675,1.725514,2.095846,-0.934284,0.882007
sample,644,drone,16.083351,13.104940,-0.287159,2.284633,2.207999,2.681882,-1.195527,1.203923,1.462310,-0.651867,0.882007
sample,645,drone,16.108326,13.160459,-0.219724,2.254572,2.231469,2.710389,-1.208234,0.671324,0.815404,-0.363490,0.882007
sample,646,drone,16.133300,13.216398,-0.151780,2.224283,2.241531,2.722610,-1.213682,0.132619,0.161082,-0.071807,0.882007
sample,647,drone,16.158274,13.272420,-0.083735,2.193950,2.238093,2.718435,-1.211821,-0.407288,-0.494701,0.220527,0.882007
sample,648,drone,16.183248,13.328187,-0.015999,2.163755,2.221187,2.697901,-1.202667,-0.943497,-1.145992,0.510859,0.882007
sample,649,drone,16.208222,13.383364,0.051021,2.133879,2.190967,2.661195,-1.186304,-1.471106,-1.786836,0.796534,0.882007
sample,650,drone,16.233196,13.437622,0.116924,2.104501,2.147708,2.608651,-1.162882,-1.985212,-2.411280,1.074898,0.882007
sample,651,drone,16.258171,13.490638,0.181319,2.075795,2.091809,2.540755,-1.132615,-2.480914,-3.013370,1.343297,0.882007
sample,652,drone,16.283145,13.542104,0.243830,2.047929,2.023791,2.458139,-1.095786,-2.953309,-3.587152,1.599076,0.882007
sample,653,drone,16.308119,13.591723,0.304099,2.021062,1.944296,2.361583,-1.052744,-3.397497,-4.126671,1.839583,0.882007
sample,654,drone,16.333093,13.639218,0.361787,1.995346,1.854092,2.252018,-1.003902,-3.808574,-4.625974,2.062161,0.882007
sample,655,drone,16.358067,13.684332,0.416583,1.970919,1.754065,2.130524,-0.949742,-4.181639,-5.079106,2.264158,0.882007
sample,656,drone,16.383041,13.726831,0.468203,1.947908,1.645226,1.998326,-0.890811,-4.511790,-5.480114,2.442919,0.882007
sample,657,drone,16.408015,13.766508,0.516396,1.926425,1.528708,1.856801,-0.827723,-4.794125,-5.823045,2.595790,0.882007
sample,658,drone,16.432990,13.803187,0.560947,1.906565,1.405767,1.707475,-0.761156,-5.023742,-6.101942,2.720117,0.882007
sample,659,drone,16.457964,13.836724,0.601681,1.888406,1.277781,1.552020,-0.691858,-5.195739,-6.310854,2.813245,0.882007
sample,660,drone,16.482938,13.867010,0.638468,1.872008,1.146249,1.392258,-0.620639,-5.305215,-6.443825,2.872521,0.882007
sample,661,drone,16.507912,13.893977,0.671222,1.857406,1.012795,1.230161,-0.548380,-5.347266,-6.494902,2.895290,0.882007
sample,662,drone,16.532886,13.917598,0.699912,1.844617,0.879162,1.067849,-0.476025,-5.316992,-6.458131,2.878898,0.882007
sample,663,drone,16.557860,13.937890,0.724560,1.833630,0.747220,0.907589,-0.404584,-5.209491,-6.327557,2.820692,0.882007
sample,664,drone,16.582834,13.954920,0.745245,1.824409,0.618957,0.751798,-0.335136,-5.019860,-6.097227,2.718015,0.882007
sample,665,drone,16.607809,13.968806,0.762111,1.816890,0.496486,0.603043,-0.268824,-4.743198,-5.761187,2.568216,0.882007
sample,666,drone,16.632783,13.979719,0.775366,1.810981,0.382042,0.464037,-0.206858,-4.374602,-5.313483,2.368639,0.882007
sample,667,drone,16.657757,13.987888,0.785289,1.806558,0.277982,0.337643,-0.150514,-3.909171,-4.748161,2.116630,0.882007
sample,668,drone,16.682731,13.993603,0.792231,1.803463,0.186786,0.226874,-0.101136,-3.342002,-4.059266,1.809535,0.882007
sample,669,drone,16.707705,13.997218,0.796620,1.801507,0.111055,0.134890,-0.060131,-2.668195,-3.240845,1.444701,0.882007
sample,670,drone,16.732679,13.999150,0.798968,1.800460,0.053514,0.064999,-0.028975,-1.882846,-2.286944,1.019472,0.882007
sample,671,drone,16.757653,13.999891,0.799867,1.800059,0.017010,0.020661,-0.009210,-0.983685,-1.194804,0.532618,0.882007
sample,672,drone,16.782628,14.000000,0.800000,1.800000,0.004381,0.005321,-0.002372,-0.505695,-0.614228,0.273810,0.882007
